,name
0,Alaa Abdelnaby
1,Tom Abernethy
2,Forest Able
3,John Abramovic
4,Alex Acker
5,Don Ackerman
6,Mark Acres
7,Bud Acton
8,Quincy Acy
9,Alvan Adams
10,Don Adams
11,George Adams
12,Hassan Adams
13,Jaylen Adams
14,Jordan Adams
15,Michael Adams
16,Steven Adams
17,Rafael Addison
18,Bam Adebayo
19,Deng Adel
20,Rick Adelman
21,Jeff Adrien
22,Arron Afflalo
23,Maurice Ager
24,Mark Aguirre
25,Blake Ahearn
26,Danny Ainge
27,Matthew Aitch
28,Henry Akin
29,Josh Akognon
30,Solomon Alabi
31,Mark Alarie
32,Gary Alcorn
33,Furkan Aldemir
34,Cole Aldrich
35,LaMarcus Aldridge
36,Chuck Aleksinas
37,Cliff Alexander
38,Cory Alexander
39,Courtney Alexander
40,Gary Alexander
41,Joe Alexander
42,Victor Alexander
43,Steve Alford
44,Rawle Alkins
45,Bill Allen
46,Bob Allen
47,Grayson Allen
48,Jarrett Allen
49,Jerome Allen
50,Kadeem Allen
51,Lavoy Allen
52,Lucius Allen
53,Malik Allen
54,Randy Allen
55,Ray Allen
56,Tony Allen
57,Willie Allen
58,Odis Allison
59,Lance Allred
60,Darrell Allums
61,Morris Almond
62,Derrick Alston
63,Rafer Alston
64,Peter Aluma
65,John Amaechi
66,Ashraf Amaya
67,Lou Amundson
68,Bob Anderegg
69,Chris Andersen
70,David Andersen
71,Alan Anderson
72,Andrew Anderson
73,Antonio Anderson
74,Cliff Anderson
75,Dan Anderson
76,Dan Anderson
77,Derek Anderson
78,Dwight Anderson
79,Eric Anderson
80,Greg Anderson
81,James Anderson
82,Jerome Anderson
83,Justin Anderson
84,Kenny Anderson
85,Kim Anderson
86,Kyle Anderson
87,Michael Anderson
88,Nick Anderson
89,Richard Anderson
90,Ron Anderson
91,Ryan Anderson
92,Shandon Anderson
93,Willie Anderson
94,Wally Anderzunas
95,Don Anielak
96,Ike Anigbogu
97,Michael Ansley
98,Chris Anstey
99,Giannis Antetokounmpo
100,Kostas Antetokounmpo
101,Thanasis Antetokounmpo
102,Carmelo Anthony
103,Greg Anthony
104,Joel Anthony
105,OG Anunoby
106,Keith Appling
107,Stacey Arceneaux
108,Robert Archibald
109,Tiny Archibald
110,Ryan Arcidiacono
111,Jim Ard
112,Gilbert Arenas
113,Trevor Ariza
114,Paul Arizin
115,Joe Arlauckas
116,Bob Armstrong
117,Brandon Armstrong
118,Curly Armstrong
119,Darrell Armstrong
120,Hilton Armstrong
121,Tate Armstrong
122,Jesse Arnelle
123,Jay Arnette
124,Bob Arnzen
125,Carlos Arroyo
126,Darrell Arthur
127,John Arthurs
128,Jamel Artis
129,Vincent Askew
130,Keith Askins
131,Don Asmonga
132,Dick Atha
133,Chucky Atkins
134,Al Attles
135,Chet Aubuchon
136,Stacey Augmon
137,James Augustine
138,Isaac Austin
139,Johnny Austin
140,Ken Austin
141,Anthony Avent
142,Bird Averitt
143,William Avery
144,Dennis Awtrey
145,Jeff Ayres
146,Deandre Ayton
147,Kelenna Azubuike
148,Chris Babb
149,Luke Babbitt
150,Johnny Bach
151,Dwayne Bacon
152,Henry Bacon
153,Jim Baechtold
154,John Bagley
155,Marvin Bagley
156,Carl Bailey
157,Gus Bailey
158,James Bailey
159,Thurl Bailey
160,Toby Bailey
161,Cameron Bairstow
162,Jimmie Baker
163,LaMark Baker
164,Maurice Baker
165,Norm Baker
166,Ron Baker
167,Vin Baker
168,Wade Baldwin
169,Renaldo Balkman
170,Cedric Ball
171,Lonzo Ball
172,Greg Ballard
173,Herschel Baltimore
174,Mohamed Bamba
175,Gene Banks
176,Marcus Banks
177,Walker Banks
178,Ken Bannister
179,Mike Bantom
180,John Barber
181,Leandro Barbosa
182,Steve Bardo
183,Andrea Bargnani
184,Cliff Barker
185,Tom Barker
186,Charles Barkley
187,Erick Barkley
188,Don Barksdale
189,Harrison Barnes
190,Harry Barnes
191,Jim Barnes
192,Marvin Barnes
193,Matt Barnes
194,Dick Barnett
195,Jim Barnett
196,Nathaniel Barnett
197,John Barnhill
198,Norton Barnhill
199,Leo Barnhorst
200,John Barr
201,Mike Barr
202,Moe Barr
203,Andre Barrett
204,Ernie Barrett
205,Mike Barrett
206,RJ Barrett
207,Earl Barron
208,Dana Barros
209,Brent Barry
210,Drew Barry
211,Jon Barry
212,Rick Barry
213,Ed Bartels
214,Vic Bartolome
215,Will Barton
216,Eddie Basden
217,Jerry Baskerville
218,Brandon Bass
219,Tim Bassett
220,Maceo Baston
221,Mengke Bateer
222,Billy Ray Bates
223,Esteban Batista
224,Mike Batiste
225,Tony Battie
226,Shane Battier
227,John Battle
228,Kenny Battle
229,Dave Batton
230,Lloyd Batts
231,Nicolas Batum
232,Johnny Baum
233,Frankie Baumholtz
234,Lonny Baxter
235,Jerryd Bayless
236,Elgin Baylor
237,Howard Bayne
238,Aron Baynes
239,Sergei Bazarevich
240,Kent Bazemore
241,Darius Bazley
242,Ed Beach
243,Bradley Beal
244,Al Beard
245,Butch Beard
246,Ralph Beard
247,Charles Beasley
248,Jerome Beasley
249,John Beasley
250,Malik Beasley
251,Michael Beasley
252,Zelmo Beaty
253,Rodrigue Beaubois
254,Byron Beck
255,Corey Beck
256,Ernie Beck
257,Arthur Becker
258,Moe Becker
259,Bob Bedell
260,William Bedford
261,Hank Beenders
262,Ron Behagen
263,Elmer Behnke
264,Marco Belinelli
265,Charlie Bell
266,Dennis Bell
267,Jordan Bell
268,Raja Bell
269,Troy Bell
270,Whitey Bell
271,Walt Bellamy
272,Irv Bemoras
273,Leon Benbow
274,Dragan Bender
275,Jonathan Bender
276,Jerrelle Benimon
277,Benoit Benjamin
278,Corey Benjamin
279,Anthony Bennett
280,Elmer Bennett
281,Mario Bennett
282,Mel Bennett
283,Spider Bennett
284,Tony Bennett
285,Winston Bennett
286,David Benoit
287,Keith Benson
288,Kent Benson
289,Ben Bentil
290,Gene Berce
291,Gary Bergen
292,Larry Bergh
293,Ricky Berry
294,Walter Berry
295,Del Beshore
296,Travis Best
297,Patrick Beverley
298,Sim Bhullar
299,Wesley Bialosuknia
300,Al Bianchi
301,Hank Biasatti
302,Henry Bibby
303,Mike Bibby
304,Ed Biedenbach
305,Don Bielke
306,Bob Bigelow
307,Lionel Billingy
308,Chauncey Billups
309,Dave Bing
310,Joe Binion
311,Khem Birch
312,Jabari Bird
313,Jerry Bird
314,Larry Bird
315,Otis Birdsong
316,Gale Bishop
317,Goga Bitadze
318,Bismack Biyombo
319,Nemanja Bjelica
320,Uwe Blab
321,Charlie Black
322,Norman Black
323,Tarik Black
324,Tom Black
325,Rolando Blackman
326,Alex Blackwell
327,Cory Blackwell
328,James Blackwell
329,Nate Blackwell
330,DeJuan Blair
331,Steve Blake
332,Antonio Blakeney
333,Will Blalock
334,George Blaney
335,Lance Blanks
336,Ricky Blanton
337,Andray Blatche
338,Mookie Blaylock
339,Eric Bledsoe
340,Leon Blevins
341,John Block
342,Mike Bloom
343,Jaron Blossomgame
344,Corie Blount
345,Mark Blount
346,Vander Blue
347,Ray Blume
348,Nelson Bobb
349,Tony Bobbitt
350,Bucky Bockhorn
351,Tom Boerwinkle
352,Keith Bogans
353,Muggsy Bogues
354,Andrew Bogut
355,Etdrick Bohannon
356,Manute Bol
357,Jonah Bolden
358,Marques Bolden
359,Bill Bolger
360,Joel Bolomboy
361,Doug Bolstorff
362,George Bon Salle
363,Phil Bond
364,Walter Bond
365,Jordan Bone
366,Dexter Boney
367,Isaac Bonga
368,Ron Bonham
369,Anthony Bonner
370,Matt Bonner
371,Butch Booker
372,Devin Booker
373,Melvin Booker
374,Trevor Booker
375,Josh Boone
376,Ron Boone
377,Calvin Booth
378,Keith Booth
379,Bob Boozer
380,Carlos Boozer
381,Curtis Borchardt
382,Jake Bornheimer
383,Lazaro Borrell
384,Ike Borsavage
385,Vince Boryla
386,Chris Bosh
387,Jim Bostic
388,Lawrence Boston
389,Tom Boswell
390,Chris Boucher
391,Don Boven
392,Cal Bowdler
393,Brian Bowen
394,Bruce Bowen
395,Ryan Bowen
396,Tommie Bowens
397,Anthony Bowie
398,Sam Bowie
399,Orbie Bowling
400,Ira Bowman
401,Ky Bowman
402,Nate Bowman
403,Donnie Boyce
404,Dennis Boyd
405,Freddie Boyd
406,Ken Boyd
407,Earl Boykins
408,Harry Boykoff
409,Winford Boynes
410,Cedric Bozeman
411,Steve Bracey
412,Craig Brackins
413,Gary Bradds
414,Alex Bradley
415,Alonzo Bradley
416,Avery Bradley
417,Bill Bradley
418,Bill Bradley
419,Charles Bradley
420,Dudley Bradley
421,Jim Bradley
422,Joe Bradley
423,Michael Bradley
424,Shawn Bradley
425,Tony Bradley
426,Mark Bradtke
427,Marques Bragg
428,Torraye Braggs
429,Adrian Branch
430,Elton Brand
431,Terrell Brandon
432,Bob Brannum
433,Brad Branson
434,Jesse Branson
435,Jarrell Brantley
436,Jim Brasco
437,Mike Bratz
438,Carl Braun
439,Ignas Brazdeikis
440,Tim Breaux
441,Pete Brennan
442,Tom Brennan
443,Randy Breuer
444,Corey Brewer
445,Jamison Brewer
446,Jim Brewer
447,Ron Brewer
448,Ronnie Brewer
449,Frankie Brian
450,Frank Brickowski
451,Junior Bridgeman
452,Bill Bridges
453,Mikal Bridges
454,Miles Bridges
455,Al Brightman
456,Aud Brindley
457,Isaiah Briscoe
458,John Brisker
459,Oshae Brissett
460,Allan Bristow
461,Tyrone Britt
462,Wayman Britt
463,Mike Brittain
464,Dave Britton
465,Jon Brockman
466,Ryan Broekhoff
467,Jim Brogan
468,Malcolm Brogdon
469,Gary Brokaw
470,Price Brookfield
471,Clarence Brookins
472,Aaron Brooks
473,Dillon Brooks
474,Kevin Brooks
475,MarShon Brooks
476,Michael Brooks
477,Scott Brooks
478,Andre Brown
479,Anthony Brown
480,Bob Brown
481,Bobby Brown
482,Bruce Brown
483,Charlie Brown
484,Chucky Brown
485,Damone Brown
486,Darrell Brown
487,Dee Brown
488,Dee Brown
489,Derrick Brown
490,Devin Brown
491,Ernest Brown
492,Fred Brown
493,George Brown
494,Gerald Brown
495,Harold Brown
496,Jabari Brown
497,Jaylen Brown
498,John Brown
499,Kedrick Brown
500,Kwame Brown
501,Larry Brown
502,Leon Brown
503,Lewis Brown
504,Lorenzo Brown
505,Marcus Brown
506,Markel Brown
507,Mike Brown
508,Moses Brown
509,Myron Brown
510,Randy Brown
511,Raymond Brown
512,Rickey Brown
513,Roger Brown
514,Roger Brown
515,Shannon Brown
516,Stan Brown
517,Sterling Brown
518,Tierre Brown
519,Tony Brown
520,Troy Brown
521,Jim Browne
522,Stanley Brundy
523,Brian Brunkhorst
524,George Bruns
525,Jalen Brunson
526,Rick Brunson
527,Em Bryant
528,Joe Bryant
529,Kobe Bryant
530,Mark Bryant
531,Thomas Bryant
532,Wallace Bryant
533,Torgeir Bryn
534,George Bucci
535,Joe Buckhalter
536,Steve Bucknall
537,Cleveland Buckner
538,Greg Buckner
539,Quinn Buckner
540,Dave Budd
541,Chase Budinger
542,Walt Budko
543,Jud Buechler
544,Rodney Buford
545,Matt Bullard
546,Reggie Bullock
547,Larry Bunce
548,Greg Bunch
549,Dick Bunt
550,Bill Buntin
551,Bill Bunting
552,Ticky Burden
553,Pat Burke
554,Trey Burke
555,Roger Burkman
556,Alec Burks
557,Antonio Burks
558,Kevin Burleson
559,Tom Burleson
560,Jack Burmaster
561,David Burns
562,Evers Burns
563,Jim Burns
564,Scott Burrell
565,Art Burris
566,Junior Burrough
567,Bob Burrow
568,Deonte Burton
569,Ed Burton
570,Willie Burton
571,Steve Burtt
572,Don Buse
573,David Bustion
574,Donnie Butcher
575,Al Butler
576,Caron Butler
577,Greg Butler
578,Jackie Butler
579,Jimmy Butler
580,Mike Butler
581,Mitchell Butler
582,Rasual Butler
583,Dwight Buycks
584,Derrick Byars
585,Andrew Bynum
586,Will Bynum
587,Walter Byrd
588,Marty Byrnes
589,Tommy Byrnes
590,Michael Bytzura
591,Barney Cable
592,Bruno Caboclo
593,Jason Caffey
594,Michael Cage
595,Gerry Calabrese
596,Nick Calathes
597,Adrian Caldwell
598,Jim Caldwell
599,Joe Caldwell
600,Bill Calhoun
601,Corky Calhoun
602,Demetrius Calip
603,Tom Callahan
604,Rick Calloway
605,Ernie Calverley
606,Mack Calvin
607,Dexter Cambridge
608,Marcus Camby
609,Elden Campbell
610,Tony Campbell
611,Isaiah Canaan
612,Larry Cannon
613,Clint Capela
614,Derrick Caracter
615,Frank Card
616,Brian Cardinal
617,Howie Carl
618,Chet Carlisle
619,Geno Carlisle
620,Rick Carlisle
621,Don Carlos
622,Al Carlson
623,Don Carlson
624,Bob Carney
625,Rodney Carney
626,Bob Carpenter
627,Antoine Carr
628,Austin Carr
629,Chris Carr
630,Cory Carr
631,Kenny Carr
632,Darel Carrier
633,Bob Carrington
634,DeMarre Carroll
635,Joe Barry Carroll
636,Matt Carroll
637,Jimmy Carruth
638,Anthony Carter
639,Butch Carter
640,Fred Carter
641,George Carter
642,Howard Carter
643,Jake Carter
644,Jevon Carter
645,Maurice Carter
646,Reggie Carter
647,Ron Carter
648,Vince Carter
649,Wendell Carter
650,Bill Cartwright
651,Jay Carty
652,Alex Caruso
653,Cornelius Cash
654,Sam Cash
655,Sam Cassell
656,Omri Casspi
657,Harvey Catchings
658,Terry Catledge
659,Sid Catlett
660,Kelvin Cato
661,Bobby Cattage
662,Troy Caupain
663,Duane Causwell
664,Tyler Cavanaugh
665,Ron Cavenall
666,Cedric Ceballos
667,John Celestand
668,Al Cervi
669,Lionel Chalmers
670,Mario Chalmers
671,Bill Chamberlain
672,Wilt Chamberlain
673,Jerry Chambers
674,Tom Chambers
675,Mike Champion
676,Tyson Chandler
677,Wilson Chandler
678,Don Chaney
679,John Chaney
680,Rex Chapman
681,Wayne Chapman
682,Len Chappell
683,Ken Charles
684,Lorenzo Charles
685,Joe Chealey
686,Calbert Cheaney
687,Zylan Cheatham
688,Maurice Cheeks
689,Phil Chenier
690,Will Cherry
691,Derrick Chievous
692,Pete Chilcutt
693,Josh Childress
694,Randolph Childress
695,Chris Childs
696,Chris Chiozza
697,Leroy Chollet
698,Jim Chones
699,Marquese Chriss
700,Fred Christ
701,Cal Christensen
702,Bob Christian
703,Doug Christie
704,Dionte Christmas
705,Rakeem Christmas
706,Semaj Christon
707,Patrick Christopher
708,Stephen Chubin
709,Robert Churchwell
710,Archie Clark
711,Carlos Clark
712,Earl Clark
713,Gary Clark
714,Ian Clark
715,Keon Clark
716,Richard Clark
717,Brandon Clarke
718,Coty Clarke
719,Jordan Clarkson
720,Gian Clavell
721,Victor Claver
722,John Clawson
723,Charles Claxton
724,Nicolas Claxton
725,Speedy Claxton
726,Jim Cleamons
727,Mateen Cleaves
728,Barry Clemens
729,Chris Clemons
730,Antonius Cleveland
731,Nat Clifton
732,Bill Closs
733,Keith Closs
734,Paul Cloyd
735,Bob Cluggish
736,Ben Clyde
737,Amir Coffey
738,Richard Coffey
739,Fred Cofield
740,John Coker
741,Norris Cole
742,Ben Coleman
743,Derrick Coleman
744,Jack Coleman
745,Norris Coleman
746,Bimbo Coles
747,Jason Collier
748,Art Collins
749,Don Collins
750,Doug Collins
751,James Collins
752,Jarron Collins
753,Jason Collins
754,Jimmy Collins
755,John Collins
756,Mardy Collins
757,Sherron Collins
758,Zach Collins
759,Kyle Collinsworth
760,Darren Collison
761,Nick Collison
762,Joe Colone
763,Bonzie Colson
764,Sean Colson
765,Steve Colter
766,Glen Combs
767,Leroy Combs
768,John Comeaux
769,Dallas Comegys
770,Larry Comley
771,Jeffrey Congdon
772,Gene Conley
773,Larry Conley
774,Mike Conley
775,Ed Conlin
776,Marty Conlon
777,Pat Connaughton
778,Jimmy Conner
779,Lester Conner
780,Chuck Connors
781,Will Conroy
782,Anthony Cook
783,Bert Cook
784,Bobby Cook
785,Brian Cook
786,Daequan Cook
787,Darwin Cook
788,Jeff Cook
789,Norm Cook
790,Omar Cook
791,Quinn Cook
792,Tyler Cook
793,Charles Cooke
794,David Cooke
795,Joe Cooke
796,Jack Cooley
797,Chuck Cooper
798,Duane Cooper
799,Joe Cooper
800,Michael Cooper
801,Wayne Cooper
802,Tom Copa
803,Chris Copeland
804,Hollis Copeland
805,Lanard Copeland
806,Tyrone Corbin
807,Chris Corchiani
808,Ken Corley
809,Ray Corley
810,Dave Corzine
811,Larry Costello
812,Matt Costello
813,Bryce Cotton
814,Jack Cotton
815,James Cotton
816,John Coughran
817,Mel Counts
818,Steve Courtin
819,Joe Courtney
820,Marcus Cousin
821,DeMarcus Cousins
822,Bob Cousy
823,Robert Covington
824,Dave Cowens
825,Chubby Cox
826,Johnny Cox
827,Wesley Cox
828,Allen Crabbe
829,Torrey Craig
830,Chris Crawford
831,Freddie Crawford
832,Jamal Crawford
833,Joe Crawford
834,Jordan Crawford
835,Mitch Creek
836,Jim Creighton
837,Ron Crevier
838,Hal Crisler
839,Joe Crispin
840,Charlie Criss
841,Russell Critchfield
842,Winston Crite
843,Javaris Crittenton
844,Dillard Crocker
845,Bobby Croft
846,Geoff Crompton
847,Terry Crosby
848,Austin Croshere
849,Jeff Cross
850,Pete Cross
851,Russell Cross
852,Chink Crossin
853,John Crotty
854,Bill Crow
855,Mark Crow
856,Corey Crowder
857,Jae Crowder
858,Al Cueto
859,Jarrett Culver
860,Pat Cummings
861,Terry Cummings
862,Vonteego Cummings
863,Billy Cunningham
864,Dante Cunningham
865,Dick Cunningham
866,Jared Cunningham
867,William Cunningham
868,Armand Cure
869,Earl Cureton
870,Bill Curley
871,Fran Curran
872,Dell Curry
873,Eddy Curry
874,JamesOn Curry
875,Michael Curry
876,Seth Curry
877,Stephen Curry
878,Mike Dabich
879,Ed Dahler
880,Quintin Dailey
881,Samuel Dalembert
882,Howie Dallmar
883,Erick Dampier
884,Louie Dampier
885,Bob Dandridge
886,Antonio Daniels
887,Erik Daniels
888,Lloyd Daniels
889,Marquis Daniels
890,Mel Daniels
891,Troy Daniels
892,Adrian Dantley
893,Pete Darcey
894,Jimmy Darden
895,Ollie Darden
896,Yinka Dare
897,Jesse Dark
898,Rick Darnell
899,Jimmy Darrow
900,Luigi Datome
901,Brad Daugherty
902,Mack Daughtry
903,Jermareo Davidson
904,Bob Davies
905,Brandon Davies
906,Anthony Davis
907,Antonio Davis
908,Aubrey Davis
909,Baron Davis
910,Ben Davis
911,Bill Davis
912,Bob Davis
913,Brad Davis
914,Brian Davis
915,Charles Davis
916,Charlie Davis
917,Dale Davis
918,Deyonta Davis
919,Dwight Davis
920,Ed Davis
921,Emanual Davis
922,Glen Davis
923,Harry Davis
924,Hubert Davis
925,Jim Davis
926,Johnny Davis
927,Josh Davis
928,Lee Davis
929,Mark Davis
930,Mark Davis
931,Mel Davis
932,Mickey Davis
933,Mike Davis
934,Mike Davis
935,Monti Davis
936,Paul Davis
937,Ralph Davis
938,Red Davis
939,Ricky Davis
940,Ron Davis
941,Terence Davis
942,Terry Davis
943,Tyler Davis
944,Walt Davis
945,Walter Davis
946,Warren Davis
947,Willie Davis
948,Andre Dawkins
949,Darryl Dawkins
950,Johnny Dawkins
951,Paul Dawkins
952,Branden Dawson
953,Eric Dawson
954,Jimmy Dawson
955,Tony Dawson
956,Todd Day
957,Austin Daye
958,Darren Daye
959,Nando De Colo
960,Billy DeAngelis
961,Dave DeBusschere
962,Andrew DeClercq
963,Nate DeLong
964,Joe DePre
965,DeMar DeRozan
966,Hank DeZonie
967,Greg Deane
968,Dewayne Dedmon
969,Don Dee
970,Archie Dees
971,Terry Dehere
972,Red Dehnert
973,Sam Dekker
974,Vinny Del Negro
975,Malcolm Delaney
976,Bison Dele
977,Carlos Delfino
978,Tony Delk
979,Matthew Dellavedova
980,Fennis Dembo
981,Larry Demic
982,Dell Demps
983,George Dempsey
984,Luol Deng
985,Kenny Dennard
986,Blaine Denning
987,Justin Dentmon
988,Randy Denton
989,Rod Derline
990,Marcus Derrickson
991,Dave Deutsch
992,Corky Devlin
993,Ernie DiGregorio
994,Donte DiVincenzo
995,Derrick Dial
996,Cheick Diallo
997,Hamidou Diallo
998,Boris Diaw
999,Yakhouba Diawara
1000,Dan Dickau
1001,Kaniel Dickens
1002,Henry Dickerson
1003,Michael Dickerson
1004,Clyde Dickey
1005,Derrek Dickey
1006,Dick Dickey
1007,John Dickson
1008,Travis Diener
1009,Gorgui Dieng
1010,Connie Dierking
1011,Coby Dietrick
1012,Craig Dill
1013,Dwaine Dillard
1014,Mickey Dillard
1015,Bob Dille
1016,Hook Dillon
1017,Byron Dinkins
1018,Jackie Dinkins
1019,Harry Dinnel
1020,Bill Dinwiddie
1021,Spencer Dinwiddie
1022,Ike Diogu
1023,DeSagana Diop
1024,Terry Dischinger
1025,Fred Diute
1026,Vlade Divac
1027,Juan Dixon
1028,Earl Dodd
1029,Michael Doleac
1030,Joe Dolhon
1031,Bob Doll
1032,James Donaldson
1033,Bob Donham
1034,Billy Donovan
1035,Harry Donovan
1036,Keyon Dooling
1037,Jacky Dorsey
1038,Joey Dorsey
1039,Ron Dorsey
1040,Tyler Dorsey
1041,Luguentz Dort
1042,Damyean Dotson
1043,Quincy Douby
1044,Bruce Douglas
1045,John Douglas
1046,Leon Douglas
1047,Sherman Douglas
1048,Toney Douglas
1049,Sekou Doumbouya
1050,Sonny Dove
1051,Jerry Dover
1052,Zabian Dowdell
1053,Bill Downey
1054,Steve Downing
1055,Danny Doyle
1056,Milton Doyle
1057,PJ Dozier
1058,Terry Dozier
1059,Greg Dreiling
1060,Bryce Drew
1061,John Drew
1062,Larry Drew
1063,Larry Drew
1064,Clyde Drexler
1065,Nate Driggers
1066,Terry Driscoll
1067,Predrag Drobnjak
1068,Ralph Drollinger
1069,Andre Drummond
1070,Dennis DuVal
1071,Dick Duckett
1072,Kevin Duckworth
1073,Charles Dudley
1074,Chris Dudley
1075,Jared Dudley
1076,Terry Duerod
1077,Bob Duffy
1078,Bob Duffy
1079,Chris Duhon
1080,Duje Dukan
1081,Walter Dukes
1082,Joe Dumars
1083,Rich Dumas
1084,Richard Dumas
1085,Tony Dumas
1086,Andy Duncan
1087,Tim Duncan
1088,Mike Dunleavy
1089,Mike Dunleavy
1090,Kris Dunn
1091,Pat Dunn
1092,Ronald Dupree
1093,Kevin Durant
1094,John Duren
1095,Jarrett Durham
1096,Pat Durham
1097,Devin Durrant
1098,Ken Durrett
1099,Trevon Duval
1100,Jack Dwan
1101,Craig Dykema
1102,Gene Dyker
1103,Jerome Dyson
1104,Ledell Eackles
1105,Jim Eakins
1106,Acie Earl
1107,Ed Earle
1108,Cleanthony Early
1109,Penny Early
1110,Mark Eaton
1111,Jerry Eaves
1112,Devin Ebanks
1113,Bill Ebben
1114,Al Eberhard
1115,Ndudi Ebi
1116,Roy Ebron
1117,Jarell Eddie
1118,Patrick Eddie
1119,Dike Eddleman
1120,Kenton Edelin
1121,Charles Edge
1122,Bobby Edmonds
1123,Keith Edmonson
1124,Tyus Edney
1125,Bill Edwards
1126,Blue Edwards
1127,Carsen Edwards
1128,Corsley Edwards
1129,Doug Edwards
1130,Franklin Edwards
1131,James Edwards
1132,Jay Edwards
1133,John Edwards
1134,Kevin Edwards
1135,Shane Edwards
1136,Vince Edwards
1137,Johnny Egan
1138,Lonnie Eggleston
1139,Bulbs Ehlers
1140,Craig Ehlo
1141,Rich Eichhorst
1142,Howard Eisley
1143,Obinna Ekezie
1144,Don Eliason
1145,Mario Elie
1146,Ray Ellefson
1147,Henry Ellenson
1148,Wayne Ellington
1149,Bob Elliott
1150,Sean Elliott
1151,Bo Ellis
1152,Boo Ellis
1153,Dale Ellis
1154,Harold Ellis
1155,Joe Ellis
1156,LaPhonso Ellis
1157,LeRon Ellis
1158,Leroy Ellis
1159,Monta Ellis
1160,Pervis Ellison
1161,Len Elmore
1162,Francisco Elson
1163,Darrell Elston
1164,Melvin Ely
1165,Joel Embiid
1166,Wayne Embry
1167,Andre Emmett
1168,Ned Endress
1169,Chris Engler
1170,Wayne Englestad
1171,Alex English
1172,Claude English
1173,Jo Jo English
1174,Kim English
1175,Scott English
1176,Gene Englund
1177,James Ennis
1178,Tyler Ennis
1179,Ray Epps
1180,Semih Erden
1181,Bo Erias
1182,Keith Erickson
1183,Julius Erving
1184,Evan Eschmeyer
1185,Jack Eskridge
1186,Vincenzo Esposito
1187,Drew Eubanks
1188,Billy Evans
1189,Bob Evans
1190,Brian Evans
1191,Earl Evans
1192,Jacob Evans
1193,Jawun Evans
1194,Jeremy Evans
1195,Maurice Evans
1196,Mike Evans
1197,Reggie Evans
1198,Tyreke Evans
1199,Daniel Ewing
1200,Patrick Ewing
1201,Patrick Ewing
1202,Dante Exum
1203,Christian Eyenga
1204,Festus Ezeli
1205,Johnny Ezersky
1206,Joe Fabel
1207,John Fairchild
1208,Tacko Fall
1209,Phil Farbman
1210,Kenneth Faried
1211,Dick Farley
1212,Jordan Farmar
1213,Desmon Farmer
1214,Jim Farmer
1215,Mike Farmer
1216,Tony Farmer
1217,Bob Faught
1218,Derrick Favors
1219,Nick Fazekas
1220,Dave Fedor
1221,Bob Feerick
1222,Butch Feher
1223,Jamie Feick
1224,Ron Feiereisel
1225,George Feigenbaum
1226,Dave Feitl
1227,Kay Felder
1228,Carrick Felix
1229,Noel Felix
1230,Ray Felix
1231,Raymond Felton
1232,Jake Fendley
1233,Warren Fenley
1234,Desmond Ferguson
1235,Terrance Ferguson
1236,Bruno Fernando
1237,Eric Fernsten
1238,Al Ferrari
1239,Rolando Ferreira
1240,Duane Ferrell
1241,Yogi Ferrell
1242,Arnie Ferrin
1243,Bob Ferry
1244,Danny Ferry
1245,Kyrylo Fesenko
1246,Bobby Fields
1247,Kenny Fields
1248,Landry Fields
1249,Ron Filipek
1250,Greg Fillmore
1251,Larry Finch
1252,Hank Finkel
1253,Michael Finley
1254,Danny Finn
1255,Matt Fish
1256,Derek Fisher
1257,Richard Fisher
1258,Gerald Fitch
1259,Bob Fitzgerald
1260,Dick Fitzgerald
1261,Marcus Fizer
1262,Jerry Fleishman
1263,Al Fleming
1264,Ed Fleming
1265,Vern Fleming
1266,Luis Flores
1267,Bruce Flowers
1268,Sleepy Floyd
1269,Jonny Flynn
1270,Mike Flynn
1271,Larry Fogle
1272,Jack Foley
1273,Isaac Fontaine
1274,Levi Fontaine
1275,Jeff Foote
1276,Bryn Forbes
1277,Gary Forbes
1278,Alphonso Ford
1279,Alton Ford
1280,Bob Ford
1281,Chris Ford
1282,Don Ford
1283,Jake Ford
1284,Phil Ford
1285,Sharrod Ford
1286,Sherell Ford
1287,Donnie Forman
1288,Bayard Forrest
1289,Joseph Forte
1290,Courtney Fortson
1291,Danny Fortson
1292,Fred Foster
1293,Greg Foster
1294,Jeff Foster
1295,Jimmy Foster
1296,Rod Foster
1297,Antonis Fotsis
1298,Evan Fournier
1299,Larry Foust
1300,Calvin Fowler
1301,Jerry Fowler
1302,Tremaine Fowlkes
1303,Harold Fox
1304,Jim Fox
1305,Rick Fox
1306,Randy Foye
1307,Adonal Foyle
1308,Richie Frahm
1309,Steve Francis
1310,Tellis Frank
1311,Nat Frankel
1312,Jamaal Franklin
1313,William Franklin
1314,Ronald Franz
1315,Melvin Frazier
1316,Michael Frazier
1317,Tim Frazier
1318,Walt Frazier
1319,Will Frazier
1320,Anthony Frederick
1321,Jimmer Fredette
1322,Joel Freeland
1323,Donnie Freeman
1324,Gary Freeman
1325,Rod Freeman
1326,Matt Freije
1327,Frido Frey
1328,Larry Friend
1329,Pat Frink
1330,Jim Fritsche
1331,Channing Frye
1332,Bernie Fryer
1333,Frank Fucarino
1334,Herm Fuetsch
1335,Joe Fulks
1336,Carl Fuller
1337,Hiram Fuller
1338,Todd Fuller
1339,Tony Fuller
1340,Markelle Fultz
1341,Lawrence Funderburke
1342,Terry Furlow
1343,Bill Gabor
1344,Wenyen Gabriel
1345,Dan Gadzuric
1346,Daniel Gafford
1347,Deng Gai
1348,Elmer Gainer
1349,Bill Gaines
1350,Corey Gaines
1351,David Gaines
1352,Reece Gaines
1353,Sundiata Gaines
1354,Mike Gale
1355,Chad Gallagher
1356,Harry Gallatin
1357,Gene Gallette
1358,Danilo Gallinari
1359,Langston Galloway
1360,Dave Gambee
1361,Kevin Gamble
1362,Bob Gantt
1363,Jorge Garbajosa
1364,Alex Garcia
1365,Chuck Gardner
1366,Earl Gardner
1367,Kenneth Gardner
1368,Thomas Gardner
1369,Vern Gardner
1370,Jack Garfinkel
1371,Patricio Garino
1372,Darius Garland
1373,Gary Garland
1374,Winston Garland
1375,Dick Garmaker
1376,Bill Garner
1377,Chris Garner
1378,Bill Garnett
1379,Kevin Garnett
1380,Marlon Garnett
1381,Billy Garrett
1382,Calvin Garrett
1383,Dean Garrett
1384,Diante Garrett
1385,Dick Garrett
1386,Rowland Garrett
1387,Tom Garrick
1388,John Garris
1389,Kiwane Garris
1390,Pat Garrity
1391,Jim Garvin
1392,Marc Gasol
1393,Pau Gasol
1394,Frank Gates
1395,Chris Gatling
1396,Kenny Gattison
1397,Rudy Gay
1398,Ed Gayda
1399,Andrew Gaze
1400,Michael Gbinije
1401,Reggie Geary
1402,Alonzo Gee
1403,Matt Geiger
1404,Devean George
1405,Jack George
1406,Paul George
1407,Tate George
1408,Gus Gerard
1409,Derrick Gervin
1410,George Gervin
1411,Gorham Getchell
1412,John Gianelli
1413,Dick Gibbs
1414,Daniel Gibson
1415,Dee Gibson
1416,Hoot Gibson
1417,Jonathan Gibson
1418,Mel Gibson
1419,Mike Gibson
1420,Taj Gibson
1421,Trey Gilder
1422,Harry Giles
1423,Eddie Gill
1424,Kendall Gill
1425,Ben Gillery
1426,Jack Gillespie
1427,Armen Gilliam
1428,Herm Gilliam
1429,Artis Gilmore
1430,Walt Gilmore
1431,Chuck Gilmur
1432,Jack Givens
1433,Mickell Gladness
1434,George Glamack
1435,Gerald Glass
1436,Mike Glenn
1437,Normie Glick
1438,Georgi Glouchkov
1439,Clarence Glover
1440,Dion Glover
1441,Andreas Glyniadakis
1442,Mike Gminski
1443,Rudy Gobert
1444,Dan Godfread
1445,Tom Gola
1446,Ben Goldfaden
1447,Anthony Goldwire
1448,Ryan Gomes
1449,Glen Gondrezick
1450,Grant Gondrezick
1451,Drew Gooden
1452,Gail Goodrich
1453,Steve Goodrich
1454,Archie Goodwin
1455,Brandon Goodwin
1456,Pop Goodwin
1457,Aaron Gordon
1458,Ben Gordon
1459,Drew Gordon
1460,Eric Gordon
1461,Lancaster Gordon
1462,Paul Gordon
1463,Marcin Gortat
1464,Leo Gottlieb
1465,Andrew Goudelock
1466,Gerald Govan
1467,Bato Govedarica
1468,Joe Graboski
1469,Ricky Grace
1470,Calvin Graham
1471,Greg Graham
1472,Joey Graham
1473,Mal Graham
1474,Orlando Graham
1475,Paul Graham
1476,Stephen Graham
1477,Treveon Graham
1478,Jim Grandholm
1479,Ron Grandison
1480,Danny Granger
1481,Stewart Granger
1482,Brian Grant
1483,Bud Grant
1484,Gary Grant
1485,Greg Grant
1486,Harvey Grant
1487,Horace Grant
1488,Jerami Grant
1489,Jerian Grant
1490,Josh Grant
1491,Paul Grant
1492,Travis Grant
1493,Donte Grantham
1494,Don Grate
1495,Butch Graves
1496,Aaron Gray
1497,Devin Gray
1498,Ed Gray
1499,Evric Gray
1500,Gary Gray
1501,Josh Gray
1502,Leonard Gray
1503,Stuart Gray
1504,Sylvester Gray
1505,Wyndol Gray
1506,Jeff Grayer
1507,Bob Greacen
1508,Danny Green
1509,Devin Green
1510,Draymond Green
1511,Erick Green
1512,Gerald Green
1513,JaMychal Green
1514,Javonte Green
1515,Jeff Green
1516,Johnny Green
1517,Ken Green
1518,Kenny Green
1519,Lamar Green
1520,Litterial Green
1521,Luther Green
1522,Mike Green
1523,Rickey Green
1524,Sean Green
1525,Si Green
1526,Sidney Green
1527,Steve Green
1528,Taurean Green
1529,Tommie Green
1530,Willie Green
1531,Orien Greene
1532,Jerry Greenspan
1533,Dave Greenwood
1534,Hal Greer
1535,Lynn Greer
1536,Gary Gregor
1537,Claude Gregory
1538,John Greig
1539,Norm Grekin
1540,Kevin Grevey
1541,Dennis Grey
1542,Adrian Griffin
1543,Blake Griffin
1544,Eddie Griffin
1545,Greg Griffin
1546,Paul Griffin
1547,Taylor Griffin
1548,Darrell Griffith
1549,Chuck Grigsby
1550,Derek Grimm
1551,Woody Grimshaw
1552,Dick Groat
1553,Bob Gross
1554,Mike Grosso
1555,Jerry Grote
1556,Alex Groza
1557,Dick Grubar
1558,Anthony Grundy
1559,Ernie Grunfeld
1560,Gene Guarilia
1561,Marko Guduric
1562,Richie Guerin
1563,Tom Gugliotta
1564,Jay Guidinger
1565,Coulby Gunther
1566,Dave Gunther
1567,Al Guokas
1568,Matt Guokas
1569,Matt Guokas
1570,Kyle Guy
1571,Rui Hachimura
1572,Rudy Hackett
1573,Hamed Haddadi
1574,Jim Hadnot
1575,Scott Haffner
1576,Cliff Hagan
1577,Glenn Hagan
1578,Tom Hagan
1579,Robert Hahn
1580,Al Hairston
1581,Happy Hairston
1582,Lindsay Hairston
1583,Malik Hairston
1584,Marcus Haislip
1585,Chick Halbert
1586,Swede Halbrook
1587,Bruce Hale
1588,Hal Hale
1589,Jack Haley
1590,Shaler Halimon
1591,Devon Hall
1592,Donta Hall
1593,Mike Hall
1594,Jeff Halliburton
1595,Darvin Ham
1596,Steve Hamer
1597,Dale Hamilton
1598,Daniel Hamilton
1599,Dennis Hamilton
1600,Joe Hamilton
1601,Jordan Hamilton
1602,Justin Hamilton
1603,Ralph Hamilton
1604,Richard Hamilton
1605,Roy Hamilton
1606,Steve Hamilton
1607,Tang Hamilton
1608,Thomas Hamilton
1609,Zendon Hamilton
1610,Geert Hammink
1611,Julian Hammond
1612,Tom Hammonds
1613,Joe Hamood
1614,Darrin Hancock
1615,Ben Handlogten
1616,Cecil Hankins
1617,Phil Hankinson
1618,Dusty Hannahs
1619,Alex Hannum
1620,Don Hanrahan
1621,Rollen Hans
1622,Ben Hansbrough
1623,Tyler Hansbrough
1624,Bob Hansen
1625,Glenn Hansen
1626,Lars Hansen
1627,Travis Hansen
1628,Reggie Hanson
1629,Bill Hanzlik
1630,Luke Harangody
1631,Anfernee Hardaway
1632,Tim Hardaway
1633,Tim Hardaway
1634,James Harden
1635,Reggie Harding
1636,Charlie Hardnett
1637,Alan Hardy
1638,Darrell Hardy
1639,James Hardy
1640,Ira Harge
1641,John Hargis
1642,Maurice Harkless
1643,Jerry Harkness
1644,Skip Harlicka
1645,Jerome Harmon
1646,Derek Harper
1647,Jared Harper
1648,Justin Harper
1649,Mike Harper
1650,Ron Harper
1651,Matt Harpring
1652,Montrezl Harrell
1653,Josh Harrellson
1654,Adam Harrington
1655,Al Harrington
1656,Junior Harrington
1657,Othella Harrington
1658,Art Harris
1659,Bernie Harris
1660,Billy Harris
1661,Bob Harris
1662,Chris Harris
1663,Devin Harris
1664,Elias Harris
1665,Gary Harris
1666,Joe Harris
1667,Lucious Harris
1668,Manny Harris
1669,Mike Harris
1670,Steve Harris
1671,Terrel Harris
1672,Tobias Harris
1673,Tony Harris
1674,Aaron Harrison
1675,Andrew Harrison
1676,Bob Harrison
1677,David Harrison
1678,Shaquille Harrison
1679,Jason Hart
1680,Josh Hart
1681,Isaiah Hartenstein
1682,Antonio Harvey
1683,Donnell Harvey
1684,Scott Haskin
1685,Clem Haskins
1686,Udonis Haslem
1687,Trenton Hassell
1688,Billy Hassett
1689,Joe Hassett
1690,Scott Hastings
1691,Kirk Haston
1692,Vern Hatton
1693,John Havlicek
1694,Spencer Hawes
1695,Steve Hawes
1696,Bubbles Hawkins
1697,Connie Hawkins
1698,Hersey Hawkins
1699,Juaquin Hawkins
1700,Marshall Hawkins
1701,Michael Hawkins
1702,Tom Hawkins
1703,Nate Hawthorne
1704,Chuck Hayes
1705,Elvin Hayes
1706,Jarvis Hayes
1707,Jaxson Hayes
1708,Jim Hayes
1709,Nigel Hayes
1710,Steve Hayes
1711,Gordon Hayward
1712,Lazar Hayward
1713,Brendan Haywood
1714,Spencer Haywood
1715,John Hazen
1716,Walt Hazzard
1717,Luther Head
1718,Shane Heal
1719,Brian Heaney
1720,Gar Heard
1721,Reggie Hearn
1722,Herm Hedderick
1723,Alvin Heggs
1724,Tom Heinsohn
1725,Dick Hemric
1726,Alan Henderson
1727,Cedric Henderson
1728,Cedric Henderson
1729,Dave Henderson
1730,Gerald Henderson
1731,Gerald Henderson
1732,Jerome Henderson
1733,Kevin Henderson
1734,Tom Henderson
1735,Mark Hendrickson
1736,Larry Hennessy
1737,Don Henriksen
1738,Al Henry
1739,Bill Henry
1740,Carl Henry
1741,Conner Henry
1742,Myke Henry
1743,Skeeter Henry
1744,Xavier Henry
1745,John Henson
1746,Steve Henson
1747,Charles Hentz
1748,Bill Herman
1749,Kleggie Hermsen
1750,Dewan Hernandez
1751,Chris Herren
1752,Carl Herrera
1753,Walter Herrmann
1754,Tyler Herro
1755,Keith Herron
1756,Sonny Hertzberg
1757,Kevin Hervey
1758,Dan Hester
1759,Fred Hetzel
1760,Bill Hewitt
1761,Jack Hewson
1762,Art Heyman
1763,Mario Hezonja
1764,Roy Hibbert
1765,Nat Hickey
1766,Isaiah Hicks
1767,Phil Hicks
1768,Buddy Hield
1769,Bill Higgins
1770,Cory Higgins
1771,Earle Higgins
1772,Mike Higgins
1773,Rod Higgins
1774,Sean Higgins
1775,Kenny Higgs
1776,Johnny High
1777,Haywood Highsmith
1778,Wayne Hightower
1779,Armond Hill
1780,Cleo Hill
1781,Gary Hill
1782,George Hill
1783,Grant Hill
1784,Jordan Hill
1785,Simmie Hill
1786,Solomon Hill
1787,Steven Hill
1788,Tyrone Hill
1789,Art Hillhouse
1790,Darrun Hilliard
1791,Darnell Hillman
1792,Fred Hilton
1793,Kirk Hinrich
1794,Roy Hinson
1795,Mel Hirsch
1796,Lew Hitch
1797,Robert Hite
1798,Jaylen Hoard
1799,Darington Hobson
1800,Donald Hodge
1801,Julius Hodge
1802,Craig Hodges
1803,Charlie Hoefer
1804,Paul Hoffman
1805,Bob Hogsett
1806,Paul Hogue
1807,Fred Hoiberg
1808,Doug Holcomb
1809,Randy Holcomb
1810,Aaron Holiday
1811,Jrue Holiday
1812,Justin Holiday
1813,Brad Holland
1814,Joe Holland
1815,John Holland
1816,Wilbur Holland
1817,Lionel Hollins
1818,Ryan Hollins
1819,Essie Hollis
1820,Dennis Holman
1821,Richaun Holmes
1822,Jim Holstein
1823,Mike Holton
1824,Dick Holub
1825,Joe Holup
1826,Red Holzman
1827,Jerald Honeycutt
1828,Tyler Honeycutt
1829,Derek Hood
1830,Rodney Hood
1831,Bobby Hooper
1832,Carroll Hooser
1833,Tom Hoover
1834,Bob Hopkins
1835,Dave Hoppen
1836,Dennis Hopson
1837,Scotty Hopson
1838,Johnny Horan
1839,Cedrick Hordges
1840,Al Horford
1841,Tito Horford
1842,Ron Horn
1843,Jeff Hornacek
1844,Dennis Horner
1845,Robert Horry
1846,Ed Horton
1847,Bill Hosket
1848,Bob Houbregs
1849,Danuel House
1850,Eddie House
1851,Allan Houston
1852,Byron Houston
1853,Tom Hovasse
1854,Brian Howard
1855,Dwight Howard
1856,Greg Howard
1857,Josh Howard
1858,Juwan Howard
1859,Mo Howard
1860,Otis Howard
1861,Stephen Howard
1862,William Howard
1863,Bailey Howell
1864,Bob Hubbard
1865,Phil Hubbard
1866,Lester Hudson
1867,Lou Hudson
1868,Troy Hudson
1869,Marcelo Huertas
1870,Kevin Huerter
1871,Josh Huestis
1872,Nate Huffman
1873,Alfredrick Hughes
1874,Eddie Hughes
1875,Kim Hughes
1876,Larry Hughes
1877,Rick Hughes
1878,Robbie Hummel
1879,John Hummer
1880,Ryan Humphrey
1881,Isaac Humphries
1882,Jay Humphries
1883,Kris Humphries
1884,Hot Rod Hundley
1885,Brandon Hunter
1886,Cedric Hunter
1887,Chris Hunter
1888,Les Hunter
1889,Lindsey Hunter
1890,Othello Hunter
1891,Steven Hunter
1892,Vince Hunter
1893,Bobby Hurley
1894,Roy Hurley
1895,Geoff Huston
1896,Paul Huston
1897,Mel Hutchins
1898,Chandler Hutchison
1899,Joe Hutton
1900,Greg Hyder
1901,Marc Iavaroni
1902,Serge Ibaka
1903,Andre Iguodala
1904,Zydrunas Ilgauskas
1905,Darrall Imhoff
1906,Tom Ingelsby
1907,Joe Ingles
1908,Damien Inglis
1909,Andre Ingram
1910,Brandon Ingram
1911,McCoy Ingram
1912,Ervin Inniger
1913,Byron Irvin
1914,George Irvine
1915,Kyrie Irving
1916,Jonathan Isaac
1917,Dan Issel
1918,Mike Iuzzolino
1919,Allen Iverson
1920,Willie Iverson
1921,Royal Ivey
1922,Elvin Ivory
1923,Wesley Iwundu
1924,Warren Jabali
1925,Jarrett Jack
1926,Aaron Jackson
1927,Al Jackson
1928,Bobby Jackson
1929,Cedric Jackson
1930,Darnell Jackson
1931,Demetrius Jackson
1932,Frank Jackson
1933,Greg Jackson
1934,Jaren Jackson
1935,Jaren Jackson
1936,Jermaine Jackson
1937,Jim Jackson
1938,Josh Jackson
1939,Justin Jackson
1940,Luke Jackson
1941,Luke Jackson
1942,Marc Jackson
1943,Mark Jackson
1944,Mervin Jackson
1945,Michael Jackson
1946,Mike Jackson
1947,Myron Jackson
1948,Phil Jackson
1949,Pierre Jackson
1950,Ralph Jackson
1951,Randell Jackson
1952,Reggie Jackson
1953,Stanley Jackson
1954,Stephen Jackson
1955,Tony Jackson
1956,Tony Jackson
1957,Tracy Jackson
1958,Wardell Jackson
1959,Fred Jacobs
1960,Casey Jacobsen
1961,Sam Jacobson
1962,Dave Jamerson
1963,Aaron James
1964,Bernard James
1965,Billy James
1966,Damion James
1967,Gene James
1968,Henry James
1969,Jerome James
1970,Justin James
1971,LeBron James
1972,Mike James
1973,Mike James
1974,Tim James
1975,Antawn Jamison
1976,Harold Jamison
1977,John Janisch
1978,Howie Janotta
1979,Tony Jaros
1980,Jim Jarvis
1981,Nathan Jawai
1982,Buddy Jeannette
1983,Abdul Jeelani
1984,Chris Jefferies
1985,Othyus Jeffers
1986,Al Jefferson
1987,Amile Jefferson
1988,Cory Jefferson
1989,Dontell Jefferson
1990,Richard Jefferson
1991,DaQuan Jeffries
1992,Jared Jeffries
1993,Charles Jenkins
1994,Horace Jenkins
1995,John Jenkins
1996,Brandon Jennings
1997,Keith Jennings
1998,Chris Jent
1999,Les Jepsen
2000,Jonas Jerebko
2001,Ty Jerome
2002,Grant Jerrett
2003,Eugene Jeter
2004,Hal Jeter
2005,Yi Jianlian
2006,Britton Johnsen
2007,Alexander Johnson
2008,Alize Johnson
2009,Amir Johnson
2010,Andy Johnson
2011,Anthony Johnson
2012,Armon Johnson
2013,Arnie Johnson
2014,Avery Johnson
2015,Brice Johnson
2016,Buck Johnson
2017,Cameron Johnson
2018,Carldell Johnson
2019,Charles Johnson
2020,Cheese Johnson
2021,Chris Johnson
2022,Chris Johnson
2023,Clay Johnson
2024,Clemon Johnson
2025,Dakari Johnson
2026,Darryl Johnson
2027,Dave Johnson
2028,DeMarco Johnson
2029,Dennis Johnson
2030,DerMarr Johnson
2031,Ed Johnson
2032,Eddie Johnson
2033,Eddie Johnson
2034,Eric Johnson
2035,Ervin Johnson
2036,Frank Johnson
2037,George Johnson
2038,George Johnson
2039,George Johnson
2040,Gus Johnson
2041,Harold Johnson
2042,Ivan Johnson
2043,JaJuan Johnson
2044,James Johnson
2045,Joe Johnson
2046,John Johnson
2047,Kannard Johnson
2048,Keldon Johnson
2049,Ken Johnson
2050,Ken Johnson
2051,Kevin Johnson
2052,Larry Johnson
2053,Larry Johnson
2054,Lee Johnson
2055,Linton Johnson
2056,Magic Johnson
2057,Marques Johnson
2058,Mickey Johnson
2059,Neil Johnson
2060,Nick Johnson
2061,Ollie Johnson
2062,Omari Johnson
2063,Orlando Johnson
2064,Ralph Johnson
2065,Reggie Johnson
2066,Rich Johnson
2067,Ron Johnson
2068,Stanley Johnson
2069,Steffond Johnson
2070,Steve Johnson
2071,Stew Johnson
2072,Trey Johnson
2073,Tyler Johnson
2074,Vinnie Johnson
2075,Wesley Johnson
2076,Nate Johnston
2077,Neil Johnston
2078,Jim Johnstone
2079,Howie Jolliff
2080,Alvin Jones
2081,Anthony Jones
2082,Askia Jones
2083,Bill Jones
2084,Bobby Jones
2085,Bobby Jones
2086,Caldwell Jones
2087,Charles Jones
2088,Charles Jones
2089,Charles Jones
2090,Collis Jones
2091,Dahntay Jones
2092,Damian Jones
2093,Damon Jones
2094,DeQuan Jones
2095,Derrick Jones
2096,Dominique Jones
2097,Dwayne Jones
2098,Dwight Jones
2099,Earl Jones
2100,Eddie Jones
2101,Edgar Jones
2102,Fred Jones
2103,Hutch Jones
2104,Jake Jones
2105,Jalen Jones
2106,James Jones
2107,Jemerrio Jones
2108,Jimmy Jones
2109,Johnny Jones
2110,Jumaine Jones
2111,Kevin Jones
2112,Larry Jones
2113,Major Jones
2114,Mark Jones
2115,Mark Jones
2116,Nick Jones
2117,Ozell Jones
2118,Perry Jones
2119,Popeye Jones
2120,Rich Jones
2121,Robin Jones
2122,Sam Jones
2123,Shelton Jones
2124,Solomon Jones
2125,Steve Jones
2126,Terrence Jones
2127,Tyus Jones
2128,Wah Wah Jones
2129,Wali Jones
2130,Wil Jones
2131,Willie Jones
2132,Adonis Jordan
2133,Charles Jordan
2134,DeAndre Jordan
2135,Eddie Jordan
2136,Jerome Jordan
2137,Michael Jordan
2138,Reggie Jordan
2139,Thomas Jordan
2140,Walter Jordan
2141,Phil Jordon
2142,Johnny Jorgensen
2143,Noble Jorgensen
2144,Roger Jorgensen
2145,Cory Joseph
2146,Garth Joseph
2147,Kris Joseph
2148,Yvon Joseph
2149,Kevin Joyce
2150,Butch Joyner
2151,Jeff Judkins
2152,Mfiondu Kabengele
2153,Whitey Kachan
2154,George Kaftan
2155,Ed Kalafat
2156,Chris Kaman
2157,Frank Kaminsky
2158,Enes Kanter
2159,Ralph Kaplowitz
2160,Jason Kapono
2161,Tony Kappen
2162,Sergey Karasev
2163,Coby Karl
2164,George Karl
2165,Ed Kasid
2166,Mario Kasun
2167,Leo Katkaveck
2168,Bob Kauffman
2169,Sasha Kaun
2170,Wilbert Kautz
2171,Clarence Kea
2172,Mike Kearns
2173,Tommy Kearns
2174,Adam Keefe
2175,Harold Keeling
2176,Bill Keller
2177,Gary Keller
2178,Ken Keller
2179,Rich Kelley
2180,Clark Kellogg
2181,Arvesta Kelly
2182,Jerry Kelly
2183,Ryan Kelly
2184,Tom Kelly
2185,Greg Kelser
2186,Ben Kelso
2187,Shawn Kemp
2188,Tim Kempton
2189,Frank Kendrick
2190,Luke Kennard
2191,Goo Kennedy
2192,Joe Kennedy
2193,Pickles Kennedy
2194,Larry Kenon
2195,Billy Kenville
2196,Jonathan Kerner
2197,Red Kerr
2198,Steve Kerr
2199,Jack Kerris
2200,Jerome Kersey
2201,Tom Kerwin
2202,Alec Kessler
2203,Lari Ketner
2204,Julius Keye
2205,Randolph Keys
2206,Viktor Khryapa
2207,Jason Kidd
2208,Stanton Kidd
2209,Warren Kidd
2210,Irv Kiffin
2211,Jack Kiley
2212,Earnie Killum
2213,Carl Kilpatrick
2214,Sean Kilpatrick
2215,Toby Kimball
2216,Bo Kimble
2217,Stan Kimbrough
2218,Chad Kinch
2219,Albert King
2220,Bernard King
2221,Chris King
2222,Dan King
2223,Frankie King
2224,George King
2225,George King
2226,Gerard King
2227,Jim King
2228,Jimmy King
2229,Louis King
2230,Loyd King
2231,Maurice King
2232,Reggie King
2233,Rich King
2234,Ron King
2235,Stacey King
2236,Tom King
2237,Bob Kinney
2238,Tarence Kinsey
2239,Andrei Kirilenko
2240,Alex Kirk
2241,Walt Kirk
2242,Wilber Kirkland
2243,Jim Kissane
2244,Doug Kistler
2245,Curtis Kitchen
2246,Greg Kite
2247,Kerry Kittles
2248,Maxi Kleber
2249,Joe Kleine
2250,Linas Kleiza
2251,Leo Klier
2252,Herm Klotz
2253,Duane Klueh
2254,Lonnie Kluttz
2255,Billy Knight
2256,Bob Knight
2257,Brandin Knight
2258,Brandon Knight
2259,Brevin Knight
2260,Negele Knight
2261,Ron Knight
2262,Toby Knight
2263,Travis Knight
2264,Lee Knorek
2265,Dick Knostman
2266,Rod Knowles
2267,Kevin Knox
2268,Bart Kofoed
2269,Don Kojis
2270,Milo Komenich
2271,Howard Komives
2272,Jon Koncak
2273,John Konchar
2274,Tom Kondla
2275,Bud Koper
2276,Joe Kopicki
2277,Furkan Korkmaz
2278,Frank Kornet
2279,Luke Kornet
2280,Yaroslav Korolev
2281,Kyle Korver
2282,Tony Koski
2283,Len Kosmalski
2284,Andy Kostecka
2285,Harold Kottman
2286,Kosta Koufos
2287,Tom Kozelko
2288,Ronald Kozlicki
2289,Arvid Kramer
2290,Barry Kramer
2291,Joel Kramer
2292,Steven Kramer
2293,Dan Kraus
2294,Herb Krautblatt
2295,Viacheslav Kravtsov
2296,Jim Krebs
2297,Wayne Kreklow
2298,Tommy Kron
2299,Tom Kropp
2300,Larry Krystkowiak
2301,Steve Kuberski
2302,Leo Kubiak
2303,Bruce Kuczenski
2304,Frank Kudelka
2305,John Kuester
2306,Ray Kuka
2307,Kevin Kunnert
2308,Terry Kunze
2309,Mitch Kupchak
2310,Rodions Kurucs
2311,Rob Kurz
2312,Ibo Kutluay
2313,Kyle Kuzma
2314,Mindaugas Kuzminskas
2315,Fred LaCour
2316,Raef LaFrentz
2317,Tom LaGarde
2318,Rusty LaRue
2319,Rudy LaRusso
2320,Zach LaVine
2321,Reggie Lacefield
2322,Edgar Lacey
2323,Sam Lacey
2324,Bob Lackey
2325,Wendell Ladner
2326,Christian Laettner
2327,Oliver Lafayette
2328,Bill Laimbeer
2329,Pete Lalich
2330,Bo Lamar
2331,Doron Lamb
2332,Jeremy Lamb
2333,John Lambert
2334,Jeff Lamp
2335,Maciej Lampe
2336,Jim Lampley
2337,Sean Lampley
2338,Carl Landry
2339,Marcus Landry
2340,Mark Landsberger
2341,Jerome Lane
2342,Andrew Lang
2343,Antonio Lang
2344,James Lang
2345,Trajan Langdon
2346,Keith Langford
2347,Romeo Langford
2348,Dan Langhi
2349,Bob Lanier
2350,Stu Lantz
2351,York Larese
2352,Shane Larkin
2353,John Laskowski
2354,Dave Lattin
2355,Priest Lauderdale
2356,Rich Laurel
2357,Harry Laurie
2358,Walt Lautenbach
2359,Joffrey Lauvergne
2360,Tony Lavelli
2361,Bob Lavoy
2362,Acie Law
2363,Vic Law
2364,Gani Lawal
2365,Edmund Lawrence
2366,Jason Lawson
2367,Ty Lawson
2368,Jake Layman
2369,Mo Layton
2370,Caris LeVert
2371,Manny Leaks
2372,Hal Lear
2373,Allen Leavell
2374,Jeff Lebo
2375,Eric Leckner
2376,Jalen Lecque
2377,Ricky Ledo
2378,Butch Lee
2379,Clyde Lee
2380,Courtney Lee
2381,Damion Lee
2382,David Lee
2383,David Lee
2384,Dick Lee
2385,Doug Lee
2386,George Lee
2387,Greg Lee
2388,Keith Lee
2389,Kurk Lee
2390,Malcolm Lee
2391,Rock Lee
2392,Ron Lee
2393,Russ Lee
2394,Ed Leede
2395,Hank Lefkowitz
2396,Tim Legler
2397,George Lehmann
2398,Walt Lemon
2399,Alex Len
2400,Voshon Lenard
2401,Leary Lentz
2402,Gary Leonard
2403,Kawhi Leonard
2404,Meyers Leonard
2405,Slick Leonard
2406,Jim Les
2407,Travis Leslie
2408,Ronnie Lester
2409,Clifford Lett
2410,Jon Leuer
2411,Andrew Levane
2412,Fat Lever
2413,Cliff Levingston
2414,Bobby Lewis
2415,Cedric Lewis
2416,Freddie Lewis
2417,Freddie Lewis
2418,Grady Lewis
2419,Martin Lewis
2420,Mike Lewis
2421,Quincy Lewis
2422,Ralph Lewis
2423,Rashard Lewis
2424,Reggie Lewis
2425,Marcus Liberty
2426,Todd Lichti
2427,Barry Liebowitz
2428,DeAndre Liggins
2429,Bill Ligon
2430,Goose Ligon
2431,Damian Lillard
2432,Jeremy Lin
2433,Steve Lingenfelter
2434,Alton Lister
2435,Nassir Little
2436,Samuel Little
2437,Gene Littles
2438,Randy Livingston
2439,Shaun Livingston
2440,Ron Livingstone
2441,Horacio Llamas Grey
2442,Bobby Lloyd
2443,Chuck Lloyd
2444,Earl Lloyd
2445,Lewis Lloyd
2446,Scott Lloyd
2447,Riney Lochmann
2448,Bob Lochmueller
2449,Rob Lock
2450,Darrell Lockhart
2451,Ian Lockhart
2452,Kevin Loder
2453,Don Lofgran
2454,Zach Lofton
2455,Henry Logan
2456,John Logan
2457,Brad Lohaus
2458,Art Long
2459,Grant Long
2460,John Long
2461,Paul Long
2462,Shawn Long
2463,Willie Long
2464,Luc Longley
2465,Kevon Looney
2466,Brook Lopez
2467,Robin Lopez
2468,Ryan Lorthridge
2469,Jim Loscutoff
2470,Plummer Lott
2471,Kevin Loughery
2472,Bob Love
2473,Kevin Love
2474,Stan Love
2475,Clyde Lovellette
2476,Sidney Lowe
2477,Charlie Lowery
2478,Kyle Lowry
2479,Jordan Loyd
2480,Al Lucas
2481,Jerry Lucas
2482,John Lucas
2483,Kalin Lucas
2484,Maurice Lucas
2485,John Lucas III
2486,Ted Luckenbill
2487,Tyronn Lue
2488,Jim Luisi
2489,Al Lujack
2490,Phil Lumpkin
2491,Ray Lumpp
2492,Tyler Lydon
2493,Trey Lyles
2494,George Lynch
2495,Kevin Lynch
2496,Lonnie Lynn
2497,Mike Lynn
2498,Sheldon Mac
2499,Todd MacCulloch
2500,Ronnie MacGilvray
2501,Don MacLean
2502,Mike Macaluso
2503,Ed Macauley
2504,Scott Machado
2505,Arvydas Macijauskas
2506,Ollie Mack
2507,Sam Mack
2508,Shelvin Mack
2509,Malcolm Mackey
2510,Rudy Macklin
2511,Vernon Macklin
2512,Johnny Macknowski
2513,Daryl Macon
2514,Mark Macon
2515,Kyle Macy
2516,Jack Maddox
2517,Tito Maddox
2518,Gerald Madkins
2519,Mark Madsen
2520,Norm Mager
2521,Josh Magette
2522,Corey Maggette
2523,Dave Magley
2524,Jamaal Magloire
2525,Randolph Mahaffey
2526,Ian Mahinmi
2527,John Mahnken
2528,Brian Mahoney
2529,Mo Mahoney
2530,Rick Mahorn
2531,Dan Majerle
2532,Renaldo Major
2533,Thon Maker
2534,Lionel Malamed
2535,Jeff Malone
2536,Karl Malone
2537,Moses Malone
2538,Matt Maloney
2539,Steve Malovic
2540,Mike Maloy
2541,Ted Manakas
2542,John Mandic
2543,Frank Mangiapane
2544,Terance Mann
2545,Danny Manning
2546,Ed Manning
2547,Guy Manning
2548,Rich Manning
2549,Pace Mannion
2550,Nick Mantis
2551,Pete Maravich
2552,Press Maravich
2553,Devyn Marble
2554,Roy Marble
2555,Stephon Marbury
2556,Saul Mariaschin
2557,Jack Marin
2558,Shawn Marion
2559,Lauri Markkanen
2560,Damir Markota
2561,Sean Marks
2562,Harvey Marlatt
2563,Jim Marsh
2564,Ricky Marsh
2565,Donny Marshall
2566,Donyell Marshall
2567,Kendall Marshall
2568,Rawle Marshall
2569,Tom Marshall
2570,Vester Marshall
2571,Bill Martin
2572,Bob Martin
2573,Brian Martin
2574,Caleb Martin
2575,Cartier Martin
2576,Cody Martin
2577,Cuonzo Martin
2578,Darrick Martin
2579,Dino Martin
2580,Don Martin
2581,Jarell Martin
2582,Jeff Martin
2583,Jeremiah Martin
2584,Kelan Martin
2585,Kenyon Martin
2586,Kevin Martin
2587,LaRue Martin
2588,Maurice Martin
2589,Phil Martin
2590,Slater Martin
2591,Whitey Martin
2592,Jamal Mashburn
2593,Al Masino
2594,Anthony Mason
2595,Desmond Mason
2596,Frank Mason
2597,Roger Mason
2598,Tony Massenburg
2599,Eddie Mast
2600,Yante Maten
2601,Garrison Mathews
2602,Mangok Mathiang
2603,Johnny Mathis
2604,Wes Matthews
2605,Wesley Matthews
2606,Ariel Maughan
2607,Marlon Maxey
2608,Jason Maxiell
2609,Cedric Maxwell
2610,Vernon Maxwell
2611,Don May
2612,Scott May
2613,Sean May
2614,Lee Mayberry
2615,Clyde Mayes
2616,Tharon Mayes
2617,Bill Mayfield
2618,Ken Mayfield
2619,Eric Maynor
2620,Travis Mays
2621,Matt Mazza
2622,Luc Mbah a Moute
2623,Bob McAdoo
2624,James Michael McAdoo
2625,Ken McBride
2626,Tahjere McCall
2627,Ray McCallum
2628,Bob McCann
2629,Brendan McCann
2630,Mel McCants
2631,Rashad McCants
2632,Mike McCarron
2633,Andre McCarter
2634,Willie McCarter
2635,Johnny McCarthy
2636,Howie McCarty
2637,Kelly McCarty
2638,Walter McCarty
2639,Amal McCaskill
2640,Patrick McCaw
2641,Dwayne McClain
2642,Ted McClain
2643,Dan McClintock
2644,Jack McCloskey
2645,George McCloud
2646,CJ McCollum
2647,John McConathy
2648,Bucky McConnell
2649,Keith McCord
2650,Tim McCormick
2651,Jelani McCoy
2652,Paul McCracken
2653,Chris McCray
2654,Rodney McCray
2655,Scooter McCray
2656,Erik McCree
2657,Chris McCullough
2658,John McCullough
2659,Clint McDaniel
2660,Xavier McDaniel
2661,Jalen McDaniels
2662,Jim McDaniels
2663,Doug McDermott
2664,Ben McDonald
2665,Glenn McDonald
2666,Michael McDonald
2667,Roderick McDonald
2668,Hank McDowell
2669,Antonio McDyess
2670,Jim McElroy
2671,Patrick McFarland
2672,Ivan McFarlin
2673,Mel McGaha
2674,Mitch McGary
2675,JaVale McGee
2676,Mike McGee
2677,Bill McGill
2678,George McGinnis
2679,Jon McGlocklin
2680,Tracy McGrady
2681,Gil McGregor
2682,Elton McGriff
2683,Rodney McGruder
2684,Alfred McGuire
2685,Allie McGuire
2686,Dick McGuire
2687,Dominic McGuire
2688,Kevin McHale
2689,Maurice McHartley
2690,Jim McIlvaine
2691,Jeff McInnis
2692,Kenny McIntosh
2693,Bob McIntyre
2694,Jerry McKee
2695,Kevin McKenna
2696,Forrest McKenzie
2697,Stan McKenzie
2698,Derrick McKey
2699,Aaron McKie
2700,Billy McKinney
2701,Bones McKinney
2702,Carlton McKinney
2703,Alfonzo McKinnie
2704,Jordan McLaughlin
2705,Ben McLemore
2706,McCoy McLemore
2707,George McLeod
2708,Keith McLeod
2709,Roshown McLeod
2710,Jack McMahon
2711,Nate McMillan
2712,Tom McMillen
2713,Jim McMillian
2714,Shellie McMillon
2715,Mal McMullen
2716,Chet McNabb
2717,Mark McNamara
2718,Joe McNamee
2719,Jerel McNeal
2720,Chris McNealy
2721,Bob McNeill
2722,Larry McNeill
2723,Carl McNulty
2724,Paul McPherson
2725,Roy McPipe
2726,Cozell McQueen
2727,Jordan McRae
2728,Thales McReynolds
2729,Josh McRoberts
2730,Eric McWilliams
2731,George Mearns
2732,Stanislav Medvedenko
2733,Darnell Mee
2734,Jodie Meeks
2735,Cliff Meely
2736,Scott Meents
2737,Dick Mehen
2738,Monk Meineke
2739,Carl Meinhold
2740,Salah Mejri
2741,Gal Mekel
2742,Bill Melchionni
2743,Gary Melchionni
2744,Fab Melo
2745,Ed Melvin
2746,Dean Meminger
2747,Chuck Mencel
2748,John Mengelt
2749,Ken Menke
2750,Dewitt Menyard
2751,Ron Mercer
2752,Joe Meriweather
2753,Porter Meriwether
2754,Tom Meschery
2755,Chimezie Metu
2756,Bill Meyer
2757,Loren Meyer
2758,Dave Meyers
2759,Stan Miasek
2760,Larry Micheaux
2761,Jordan Mickey
2762,Khris Middleton
2763,Red Mihalik
2764,Chris Mihm
2765,Eric Mika
2766,Ed Mikan
2767,George Mikan
2768,Larry Mikan
2769,Vern Mikkelsen
2770,Al Miksis
2771,Aaron Miles
2772,Darius Miles
2773,Eddie Miles
2774,Nat Militzok
2775,Andre Miller
2776,Anthony Miller
2777,Bill Miller
2778,Bob Miller
2779,Brad Miller
2780,Darius Miller
2781,Dick Miller
2782,Eddie Miller
2783,Harry Miller
2784,Jay Miller
2785,Larry Miller
2786,Malcolm Miller
2787,Mike Miller
2788,Oliver Miller
2789,Quincy Miller
2790,Reggie Miller
2791,Walt Miller
2792,Chris Mills
2793,John Mills
2794,Patty Mills
2795,Terry Mills
2796,Elijah Millsap
2797,Paul Millsap
2798,Shake Milton
2799,Harold Miner
2800,Yao Ming
2801,Dirk Minniefield
2802,Dave Minor
2803,Greg Minor
2804,Mark Minor
2805,Wat Misaka
2806,Jason Miskiri
2807,Donovan Mitchell
2808,Leland Mitchell
2809,Mike Mitchell
2810,Murray Mitchell
2811,Sam Mitchell
2812,Todd Mitchell
2813,Tony Mitchell
2814,Tony Mitchell
2815,Steve Mix
2816,Bill Mlkvy
2817,Cuttino Mobley
2818,Eric Mobley
2819,Doug Moe
2820,Larry Moffett
2821,Leo Mogus
2822,Nazr Mohammed
2823,Paul Mokeski
2824,Adam Mokoka
2825,Jack Molinas
2826,Wayne Molis
2827,Sidney Moncrief
2828,Eric Money
2829,Sergei Monia
2830,Malik Monk
2831,Earl Monroe
2832,Greg Monroe
2833,Rodney Monroe
2834,Luis Montero
2835,Howie Montgomery
2836,Eric Montross
2837,Jamario Moon
2838,Jim Mooney
2839,Matt Mooney
2840,Andre Moore
2841,Ben Moore
2842,Gene Moore
2843,Jackie Moore
2844,Johnny Moore
2845,Larry Moore
2846,Lowes Moore
2847,Mikki Moore
2848,Otto Moore
2849,Richard Moore
2850,Ron Moore
2851,Tracy Moore
2852,Ja Morant
2853,Eric Moreland
2854,Jackie Moreland
2855,Guy Morgan
2856,Juwan Morgan
2857,Rex Morgan
2858,Elmore Morgenthaler
2859,Darren Morningstar
2860,Chris Morris
2861,Darius Morris
2862,Isaiah Morris
2863,Jaylen Morris
2864,Marcus Morris
2865,Markieff Morris
2866,Max Morris
2867,Monte Morris
2868,Randolph Morris
2869,Terence Morris
2870,Adam Morrison
2871,John Morrison
2872,Mike Morrison
2873,Red Morrison
2874,Anthony Morrow
2875,Dwayne Morton
2876,John Morton
2877,Richard Morton
2878,Glenn Mosley
2879,Perry Moss
2880,Lawrence Moten
2881,Johnathan Motley
2882,Arnett Moultrie
2883,Rick Mount
2884,Alonzo Mourning
2885,Timofey Mozgov
2886,Chuck Mrazovich
2887,Emmanuel Mudiay
2888,Erwin Mueller
2889,Shabazz Muhammad
2890,Mychal Mulder
2891,Joe Mullaney
2892,Bob Mullens
2893,Byron Mullens
2894,Chris Mullin
2895,Jeff Mullins
2896,Todd Mundt
2897,Xavier Munford
2898,Chris Munk
2899,George Munroe
2900,Eric Murdock
2901,Allen Murphy
2902,Calvin Murphy
2903,Dick Murphy
2904,Erik Murphy
2905,Jay Murphy
2906,John Murphy
2907,Kevin Murphy
2908,Ronnie Murphy
2909,Tod Murphy
2910,Troy Murphy
2911,Dejounte Murray
2912,Jamal Murray
2913,Ken Murray
2914,Lamond Murray
2915,Ronald Murray
2916,Tracy Murray
2917,Willie Murrell
2918,Dorie Murrey
2919,Mike Muscala
2920,Angelo Musi
2921,Jerrod Mustaf
2922,Dikembe Mutombo
2923,Pete Myers
2924,Sviatoslav Mykhailiuk
2925,Bob Naber
2926,Boris Nachamkin
2927,Abdel Nader
2928,Jerry Nagel
2929,Fritz Nagy
2930,Lee Nailon
2931,Larry Nance
2932,Larry Nance
2933,Shabazz Napier
2934,Paul Napolitano
2935,Bob Nash
2936,Cotton Nash
2937,Steve Nash
2938,Swen Nater
2939,Howard Nathan
2940,Calvin Natt
2941,Kenny Natt
2942,Willie Naulls
2943,Juan Carlos Navarro
2944,Maurice Ndour
2945,Craig Neal
2946,Gary Neal
2947,Jim Neal
2948,Lloyd Neal
2949,Ed Nealy
2950,Al Negratti
2951,Barry Nelson
2952,DeMarcus Nelson
2953,Don Nelson
2954,Jameer Nelson
2955,Louie Nelson
2956,Ron Nelson
2957,Ruben Nembhard
2958,Dick Nemelka
2959,Tyrone Nesby
2960,Martin Nessley
2961,Raul Neto
2962,Bob Netolicky
2963,Johnny Neumann
2964,Paul Neumann
2965,Chuck Nevitt
2966,Melvin Newbern
2967,Ivano Newbill
2968,Ira Newble
2969,Mike Newlin
2970,Johnny Newman
2971,Malik Newman
2972,Dave Newmark
2973,Bill Newton
2974,Georges Niang
2975,Demetris Nichols
2976,Jack Nichols
2977,Andrew Nicholson
2978,Gaylon Nickerson
2979,Carl Nicks
2980,Rich Niemann
2981,Richie Niemiera
2982,Mike Niles
2983,Kurt Nimphius
2984,Dyron Nix
2985,Norm Nixon
2986,Joakim Noah
2987,Chuck Noble
2988,David Noel
2989,Nerlens Noel
2990,Paul Noel
2991,Lucas Nogueira
2992,Jim Nolan
2993,Paul Nolen
2994,Jeff Nordgaard
2995,Bevo Nordmann
2996,Johnny Norlander
2997,Connie Norman
2998,Ken Norman
2999,Audie Norris
3000,Moochie Norris
3001,Sylvester Norris
3002,Zach Norvell
3003,Willie Norwood
3004,George Nostrand
3005,Stan Noszka
3006,Mike Novak
3007,Steve Novak
3008,Jaylen Nowell
3009,Mel Nowell
3010,Dirk Nowitzki
3011,Frank Ntilikina
3012,Kendrick Nunn
3013,James Nunnally
3014,Dennis Nutt
3015,David Nwaba
3016,Julius Nwosu
3017,Charles Oakley
3018,Fabricio Oberto
3019,Daniel Ochefu
3020,Greg Oden
3021,Lamar Odom
3022,Bud Ogden
3023,Ralph Ogden
3024,Alan Ogg
3025,Don Ohl
3026,Tim Ohlbrecht
3027,Semi Ojeleye
3028,Emeka Okafor
3029,Jahlil Okafor
3030,Elie Okobo
3031,Josh Okogie
3032,KZ Okpala
3033,Mehmet Okur
3034,Victor Oladipo
3035,Hakeem Olajuwon
3036,Mark Olberding
3037,Jawann Oldham
3038,John Oldham
3039,Frank Oleynick
3040,John Olive
3041,Brian Oliver
3042,Dean Oliver
3043,Jimmy Oliver
3044,Kevin Ollie
3045,Gene Ollrich
3046,Michael Olowokandi
3047,Bud Olsen
3048,Kelly Olynyk
3049,Miye Oni
3050,Arinze Onuaku
3051,Chinanu Onuaku
3052,Barry Orms
3053,Johnny Orr
3054,Louis Orr
3055,Daniel Orton
3056,Chuck Osborne
3057,Cedi Osman
3058,Wally Osterkorn
3059,Greg Ostertag
3060,Matt Othick
3061,Don Otten
3062,Mac Otten
3063,Kelly Oubre
3064,Bo Outlaw
3065,Travis Outlaw
3066,Claude Overton
3067,Doug Overton
3068,Andre Owens
3069,Billy Owens
3070,Chris Owens
3071,Eddie Owens
3072,Jim Owens
3073,Keith Owens
3074,Larry Owens
3075,Red Owens
3076,Tariq Owens
3077,Tom Owens
3078,Ray Owes
3079,Olumide Oyedeji
3080,Joe Pace
3081,Zaza Pachulia
3082,Robert Pack
3083,Wayne Pack
3084,Gerald Paddio
3085,Scott Padgett
3086,Dana Pagett
3087,Marcus Paige
3088,Fred Paine
3089,Milt Palacio
3090,Togo Palazzi
3091,Bud Palmer
3092,Errol Palmer
3093,Jim Palmer
3094,Walter Palmer
3095,Andy Panko
3096,Georgios Papagiannis
3097,Kostas Papanikolaou
3098,Jannero Pargo
3099,Jeremy Pargo
3100,Easy Parham
3101,Robert Parish
3102,Med Park
3103,Anthony Parker
3104,Jabari Parker
3105,Smush Parker
3106,Sonny Parker
3107,Tony Parker
3108,Barry Parkhill
3109,Jack Parkinson
3110,Charles Parks
3111,Cherokee Parks
3112,Richard Parks
3113,Jack Parr
3114,Doyle Parrack
3115,Charlie Parsley
3116,Chandler Parsons
3117,Eric Paschall
3118,Marty Passaglia
3119,George Pastushok
3120,Myles Patrick
3121,Stan Patrick
3122,Andrae Patterson
3123,George Patterson
3124,Lamar Patterson
3125,Patrick Patterson
3126,Ruben Patterson
3127,Steve Patterson
3128,Tom Patterson
3129,Worthy Patterson
3130,Justin Patton
3131,Brandon Paul
3132,Chris Paul
3133,Charlie Paulk
3134,Jerry Paulson
3135,Billy Paultz
3136,Jim Paxson
3137,Jim Paxson
3138,John Paxson
3139,Johnny Payak
3140,Adreian Payne
3141,Cameron Payne
3142,Kenny Payne
3143,Tom Payne
3144,Elfrid Payton
3145,Gary Payton
3146,Gary Payton
3147,Mel Payton
3148,George Pearcy
3149,Henry Pearcy
3150,Oleksiy Pecherov
3151,Wiley Peck
3152,Rich Peek
3153,Anthony Peeler
3154,George Peeples
3155,Jake Pelkington
3156,Norvel Pelle
3157,Sam Pellom
3158,Mike Penberthy
3159,Jerry Pender
3160,Desmond Penigar
3161,Kirk Penney
3162,Mike Peplowski
3163,Will Perdue
3164,Kendrick Perkins
3165,Sam Perkins
3166,Warren Perkins
3167,London Perrantes
3168,Aulcie Perry
3169,Curtis Perry
3170,Elliot Perry
3171,Ron Perry
3172,Tim Perry
3173,Chuck Person
3174,Wesley Person
3175,Alec Peters
3176,Jim Petersen
3177,Loy Petersen
3178,Bob Peterson
3179,Ed Peterson
3180,Mel Peterson
3181,Morris Peterson
3182,Geoff Petrie
3183,Johan Petro
3184,Bob Pettit
3185,Jerry Pettway
3186,Roger Phegley
3187,Jack Phelan
3188,James Phelan
3189,Derrick Phelps
3190,Michael Phelps
3191,Andy Phillip
3192,Eddie Phillips
3193,Gary Phillips
3194,Gene Phillips
3195,Bobby Phills
3196,Eric Piatkowski
3197,Walter Piatkowski
3198,Paul Pierce
3199,Ricky Pierce
3200,Stan Pietkiewicz
3201,John Pilch
3202,Ed Pinckney
3203,Kevinn Pinkney
3204,John Pinone
3205,Theo Pinson
3206,Dave Piontek
3207,Tom Piotrowski
3208,Scottie Pippen
3209,Charles Pittman
3210,Dexter Pittman
3211,Marshall Plumlee
3212,Mason Plumlee
3213,Miles Plumlee
3214,Gary Plummer
3215,Pavel Podkolzin
3216,Jakob Poeltl
3217,Vincent Poirier
3218,Dwayne Polee
3219,Jim Pollard
3220,Scot Pollard
3221,Ralph Polson
3222,Olden Polynice
3223,Cliff Pondexter
3224,Quincy Pondexter
3225,Shamorie Ponds
3226,Jordan Poole
3227,David Pope
3228,Mark Pope
3229,Dave Popson
3230,Ben Poquette
3231,Chris Porter
3232,Howard Porter
3233,Kevin Porter
3234,Kevin Porter
3235,Michael Porter
3236,Otto Porter
3237,Terry Porter
3238,Willie Porter
3239,Bobby Portis
3240,Bob Portman
3241,James Posey
3242,Lavor Postell
3243,John Postley
3244,Vitaly Potapenko
3245,Leon Powe
3246,Cincinnatus Powell
3247,Dwight Powell
3248,Josh Powell
3249,Kasib Powell
3250,Norman Powell
3251,Roger Powell
3252,Alex Poythress
3253,Marlbert Pradd
3254,Mike Pratt
3255,Paul Pressey
3256,Phil Pressey
3257,Dominic Pressley
3258,Harold Pressley
3259,Stephen Previs
3260,Brent Price
3261,Jim Price
3262,Mark Price
3263,Mike Price
3264,Ronnie Price
3265,Tony Price
3266,Bob Priddy
3267,Pablo Prigioni
3268,Tayshaun Prince
3269,John Pritchard
3270,Kevin Pritchard
3271,Laron Profit
3272,Gabe Pruitt
3273,Joel Przybilla
3274,Les Pugh
3275,Roy Pugh
3276,Anthony Pullard
3277,Jacob Pullen
3278,Rodney Purvis
3279,Don Putman
3280,Zhou Qi
3281,Tim Quarterman
3282,Bob Quick
3283,Chris Quinn
3284,Brian Quinnett
3285,Ivan Rabb
3286,Luther Rackley
3287,Howie Rader
3288,Mark Radford
3289,Wayne Radford
3290,Dino Radja
3291,Frank Radovich
3292,Moe Radovich
3293,Miroslav Raduljica
3294,Ray Radziszewski
3295,Ray Ragelis
3296,Sherwin Raiken
3297,Ed Rains
3298,Kurt Rambis
3299,Peter John Ramos
3300,Cal Ramsey
3301,Frank Ramsey
3302,Ray Ramsey
3303,Mark Randall
3304,Chasson Randle
3305,Julius Randle
3306,Anthony Randolph
3307,Shavlik Randolph
3308,Zach Randolph
3309,Wally Rank
3310,Kelvin Ransey
3311,Sam Ranzino
3312,Bobby Rascoe
3313,Blair Rasmussen
3314,George Ratkovicz
3315,Ed Ratleff
3316,Mike Ratliff
3317,Theo Ratliff
3318,Andy Rautins
3319,Leo Rautins
3320,Allan Ray
3321,Clifford Ray
3322,Don Ray
3323,James Ray
3324,Jim Ray
3325,Jimmy Rayl
3326,Craig Raymond
3327,Connie Rea
3328,Joe Reaves
3329,Josh Reaves
3330,Eldridge Recasner
3331,Michael Redd
3332,Cam Reddish
3333,Frank Reddout
3334,Marlon Redmond
3335,Davon Reed
3336,Hub Reed
3337,Justin Reed
3338,Ron Reed
3339,Willie Reed
3340,Willis Reed
3341,Bryant Reeves
3342,Khalid Reeves
3343,Richie Regan
3344,Don Rehfeldt
3345,Billy Reid
3346,Don Reid
3347,Jim Reid
3348,Naz Reid
3349,Robert Reid
3350,Ryan Reid
3351,Jared Reiner
3352,Chick Reiser
3353,Richard Rellford
3354,Terrence Rencher
3355,John Rennicke
3356,Bob Rensberger
3357,Efthimi Rentzias
3358,Shawn Respert
3359,Kevin Restani
3360,Cameron Reynolds
3361,George Reynolds
3362,Jerry Reynolds
3363,Kendall Rhine
3364,Gene Rhodes
3365,Rodrick Rhodes
3366,Glen Rice
3367,Glen Rice
3368,Chris Richard
3369,Clint Richardson
3370,Jason Richardson
3371,Jeremy Richardson
3372,Josh Richardson
3373,Malachi Richardson
3374,Micheal Ray Richardson
3375,Norm Richardson
3376,Pooh Richardson
3377,Quentin Richardson
3378,Mitch Richmond
3379,John Richter
3380,Dick Ricketts
3381,Isaiah Rider
3382,Jackie Ridgle
3383,Luke Ridnour
3384,Mel Riebe
3385,Bob Riedy
3386,Jim Riffey
3387,Antoine Rigaudeau
3388,Tom Riker
3389,Bob Riley
3390,Eric Riley
3391,Pat Riley
3392,Ron Riley
3393,Rich Rinaldi
3394,Mike Riordan
3395,Arnie Risen
3396,Tex Ritter
3397,Austin Rivers
3398,David Rivers
3399,Doc Rivers
3400,Lee Robbins
3401,Red Robbins
3402,Andre Roberson
3403,Anthony Roberson
3404,Rick Roberson
3405,Terrance Roberson
3406,Anthony Roberts
3407,Bill Roberts
3408,Brian Roberts
3409,Fred Roberts
3410,Joe Roberts
3411,Lawrence Roberts
3412,Marv Roberts
3413,Stanley Roberts
3414,Alvin Robertson
3415,Oscar Robertson
3416,Ryan Robertson
3417,Tony Robertson
3418,Rick Robey
3419,Bernard Robinson
3420,Chris Robinson
3421,Cliff Robinson
3422,Clifford Robinson
3423,David Robinson
3424,Devin Robinson
3425,Duncan Robinson
3426,Eddie Robinson
3427,Flynn Robinson
3428,Glenn Robinson
3429,Glenn Robinson
3430,Jackie Robinson
3431,Jamal Robinson
3432,James Robinson
3433,Jerome Robinson
3434,Justin Robinson
3435,Larry Robinson
3436,Mitchell Robinson
3437,Nate Robinson
3438,Oliver Robinson
3439,Ronnie Robinson
3440,Rumeal Robinson
3441,Samuel Robinson
3442,Thomas Robinson
3443,Truck Robinson
3444,Wayne Robinson
3445,Wilbert Robinson
3446,Bill Robinzine
3447,Dave Robisch
3448,Isaiah Roby
3449,Red Rocha
3450,John Roche
3451,Gene Rock
3452,Jack Rocker
3453,Guy Rodgers
3454,Dennis Rodman
3455,Lou Roe
3456,Carlos Rogers
3457,Harry Rogers
3458,Johnny Rogers
3459,Marshall Rogers
3460,Rodney Rogers
3461,Roy Rogers
3462,Willie Rogers
3463,Al Roges
3464,Ken Rohloff
3465,Kenny Rollins
3466,Phil Rollins
3467,Tree Rollins
3468,Lorenzo Romar
3469,Rajon Rondo
3470,Jerry Rook
3471,Sean Rooks
3472,Derrick Rose
3473,Jalen Rose
3474,Malik Rose
3475,Rob Rose
3476,Petey Rosenberg
3477,Lennie Rosenbluth
3478,Hank Rosenstein
3479,Dick Rosenthal
3480,Quinton Ross
3481,Terrence Ross
3482,Doug Roth
3483,Scott Roth
3484,Irv Rothenberg
3485,Mickey Rottner
3486,Dan Roundfield
3487,Giff Roux
3488,Ron Rowan
3489,Curtis Rowe
3490,Jim Rowinski
3491,Derrick Rowland
3492,Brian Rowsom
3493,Brandon Roy
3494,Donald Royal
3495,Reggie Royals
3496,Bob Royer
3497,Clifford Rozier
3498,Terry Rozier
3499,Ricky Rubio
3500,Guy Rucker
3501,Delaney Rudd
3502,John Rudd
3503,John Rudometkin
3504,Michael Ruffin
3505,Trevor Ruffin
3506,Paul Ruffner
3507,Joe Ruklick
3508,Jeff Ruland
3509,Bob Rule
3510,Jerry Rullo
3511,Stefano Rusconi
3512,Brandon Rush
3513,Kareem Rush
3514,Bill Russell
3515,Bryon Russell
3516,Campy Russell
3517,Cazzie Russell
3518,Frank Russell
3519,Pierre Russell
3520,Rubin Russell
3521,Walker Russell
3522,Walker Russell
3523,Arvydas Sabonis
3524,Domantas Sabonis
3525,Robert Sacre
3526,Ed Sadowski
3527,Kenny Sailors
3528,John Salley
3529,John Salmons
3530,Al Salvadori
3531,Kevin Salvadori
3532,Soumaila Samake
3533,Cheikh Samb
3534,Brandon Sampson
3535,JaKarr Sampson
3536,Jamal Sampson
3537,Ralph Sampson
3538,Samardo Samuels
3539,Al Sanders
3540,Frankie Sanders
3541,Jeff Sanders
3542,Larry Sanders
3543,Melvin Sanders
3544,Mike Sanders
3545,Tom Sanders
3546,Ron Sanford
3547,Daniel Santiago
3548,Bob Santini
3549,Wayne Sappleton
3550,Jason Sasser
3551,Jeryl Sasser
3552,Kenny Satterfield
3553,Pep Saul
3554,Woody Sauldsberry
3555,Glynn Saulters
3556,Fred Saunders
3557,Don Savage
3558,Alan Sawyer
3559,Brian Scalabrine
3560,Alex Scales
3561,DeWayne Scales
3562,Frank Schade
3563,Ben Schadler
3564,Herm Schaefer
3565,Billy Schaeffer
3566,Bob Schafer
3567,Ben Scharnus
3568,Marv Schatzman
3569,Fred Schaus
3570,Danny Schayes
3571,Dolph Schayes
3572,Ossie Schectman
3573,Steve Scheffler
3574,Tom Scheffler
3575,Dave Schellhase
3576,Luke Schenscher
3577,Herb Scherer
3578,Dwayne Schintzius
3579,Dale Schlueter
3580,Otto Schnellbacher
3581,Dick Schnittker
3582,Russ Schoene
3583,Admiral Schofield
3584,Dave Scholz
3585,Milt Schoon
3586,Detlef Schrempf
3587,Howie Schultz
3588,Dick Schulz
3589,Roger Schurig
3590,John Schweitz
3591,Luis Scola
3592,Fred Scolari
3593,Alvin Scott
3594,Brent Scott
3595,Byron Scott
3596,Charlie Scott
3597,Dennis Scott
3598,James Scott
3599,Mike Scott
3600,Ray Scott
3601,Shawnelle Scott
3602,Willie Scott
3603,Paul Scranton
3604,Carey Scurry
3605,Bruce Seals
3606,Shea Seals
3607,Malik Sealy
3608,Ed Searcy
3609,Kenny Sears
3610,Wayne See
3611,Thabo Sefolosha
3612,Rony Seikaly
3613,Glen Selbo
3614,Josh Selby
3615,Wayne Selden
3616,Brad Sellers
3617,Phil Sellers
3618,Rollie Seltz
3619,Lester Selvage
3620,Frank Selvy
3621,Jim Seminoff
3622,Mouhamed Sene
3623,George Senesky
3624,Ansu Sesay
3625,Ramon Sessions
3626,Tom Sewell
3627,Collin Sexton
3628,Paul Seymour
3629,Nick Shaback
3630,Lynn Shackelford
3631,Charles Shackleford
3632,Carl Shaeffer
3633,Lee Shaffer
3634,Mustafa Shakur
3635,Landry Shamet
3636,God Shammgod
3637,Earl Shannon
3638,Howie Shannon
3639,Chuck Share
3640,Bill Sharman
3641,Walter Sharpe
3642,John Shasky
3643,Ron Shavlik
3644,Brian Shaw
3645,Casey Shaw
3646,Marial Shayok
3647,Bob Shea
3648,Fred Sheffield
3649,Craig Shelton
3650,Lonnie Shelton
3651,Tornike Shengelia
3652,Billy Shepherd
3653,Jeff Sheppard
3654,Steve Sheppard
3655,Ed Sherod
3656,Charley Shipp
3657,Paul Shirley
3658,Gene Short
3659,Purvis Short
3660,Dexter Shouse
3661,Dick Shrider
3662,Gene Shue
3663,John Shumate
3664,Iman Shumpert
3665,Alexey Shved
3666,Pascal Siakam
3667,Jordan Sibert
3668,Sam Sibert
3669,Mark Sibley
3670,Jerry Sichting
3671,Donald Sidle
3672,Larry Siegfried
3673,Ralph Siewert
3674,Jack Sikma
3675,James Silas
3676,Paul Silas
3677,Xavier Silas
3678,Garret Siler
3679,Mike Silliman
3680,Chris Silva
3681,Wayne Simien
3682,Ben Simmons
3683,Bobby Simmons
3684,Cedric Simmons
3685,Connie Simmons
3686,Grant Simmons
3687,Johnny Simmons
3688,Jonathon Simmons
3689,Kobi Simmons
3690,Lionel Simmons
3691,Miles Simon
3692,Walter Simon
3693,Anfernee Simons
3694,Dickey Simpkins
3695,Ralph Simpson
3696,Alvin Sims
3697,Bob Sims
3698,Courtney Sims
3699,Doug Sims
3700,Henry Sims
3701,Scott Sims
3702,Kyle Singler
3703,Sean Singletary
3704,Chris Singleton
3705,James Singleton
3706,McKinley Singleton
3707,Zeke Sinicola
3708,Charlie Sitton
3709,Peyton Siva
3710,Scott Skiles
3711,Al Skinner
3712,Brian Skinner
3713,Tal Skinner
3714,Whitey Skoog
3715,Jeff Slade
3716,Reggie Slater
3717,Jim Slaughter
3718,Jose Slaughter
3719,Tamar Slay
3720,Donald Sloan
3721,Jerry Sloan
3722,Tom Sluby
3723,Keith Smart
3724,Marcus Smart
3725,Belus Smawley
3726,Jack Smiley
3727,Adrian Smith
3728,Al Smith
3729,Bill Smith
3730,Bingo Smith
3731,Bobby Smith
3732,Charles Smith
3733,Charles Smith
3734,Charles Smith
3735,Chris Smith
3736,Chris Smith
3737,Clinton Smith
3738,Craig Smith
3739,Deb Smith
3740,Dennis Smith
3741,Derek Smith
3742,Don Smith
3743,Don Smith
3744,Donta Smith
3745,Doug Smith
3746,Ed Smith
3747,Elmore Smith
3748,Garfield Smith
3749,Greg Smith
3750,Greg Smith
3751,Ish Smith
3752,Jabari Smith
3753,Jason Smith
3754,Jerry Smith
3755,Jim Smith
3756,Joe Smith
3757,John Smith
3758,Josh Smith
3759,Keith Smith
3760,Ken Smith
3761,Kenny Smith
3762,LaBradford Smith
3763,Larry Smith
3764,Leon Smith
3765,Michael Smith
3766,Michael Smith
3767,Mike Smith
3768,Nolan Smith
3769,Otis Smith
3770,Pete Smith
3771,Phil Smith
3772,Randy Smith
3773,Reggie Smith
3774,Robert Smith
3775,Russ Smith
3776,Sam Smith
3777,Sam Smith
3778,Steve Smith
3779,Steven Smith
3780,Stevin Smith
3781,Theron Smith
3782,Tony Smith
3783,William Smith
3784,Willie Smith
3785,Zhaire Smith
3786,Rik Smits
3787,Mike Smrek
3788,Joe Smyth
3789,Tony Snell
3790,Eric Snow
3791,Dick Snyder
3792,Kirk Snyder
3793,Chips Sobek
3794,Ricky Sobers
3795,Ron Sobie
3796,Mike Sojourner
3797,Willie Sojourner
3798,Will Solomon
3799,Willie Somerset
3800,Darius Songaila
3801,Dave Sorenson
3802,James Southerland
3803,Gino Sovran
3804,Pape Sow
3805,Ken Spain
3806,Ray Spalding
3807,Jim Spanarkel
3808,Vassilis Spanoulis
3809,Daniel Sparks
3810,Guy Sparrow
3811,Rory Sparrow
3812,Odie Spears
3813,Art Spector
3814,Marreese Speights
3815,Omari Spellman
3816,Andre Spencer
3817,Elmore Spencer
3818,Felton Spencer
3819,Lou Spicer
3820,Craig Spitzer
3821,Tiago Splitter
3822,Art Spoelstra
3823,Bruce Spraggins
3824,Latrell Sprewell
3825,Larry Spriggs
3826,Jim Springer
3827,Jim Spruill
3828,Ryan Stack
3829,Jerry Stackhouse
3830,Kevin Stacom
3831,Erv Staggs
3832,Bud Stallworth
3833,Dave Stallworth
3834,Ed Stanczak
3835,Terence Stansbury
3836,John Starks
3837,Keith Starr
3838,Nik Stauskas
3839,Larry Staverman
3840,Larry Steele
3841,Matt Steigenga
3842,Vladimir Stepania
3843,Everette Stephens
3844,Jack Stephens
3845,Joe Stephens
3846,Lance Stephenson
3847,Alex Stepheson
3848,Brook Steppe
3849,Barry Stevens
3850,Wayne Stevens
3851,DeShawn Stevenson
3852,Dennis Stewart
3853,Kebu Stewart
3854,Larry Stewart
3855,Michael Stewart
3856,Norm Stewart
3857,Greg Stiemsma
3858,Steve Stipanovich
3859,Bryant Stith
3860,Sam Stith
3861,Tom Stith
3862,Alex Stivrins
3863,David Stockton
3864,John Stockton
3865,Ed Stokes
3866,Greg Stokes
3867,Jarnell Stokes
3868,Maurice Stokes
3869,Art Stolkey
3870,Randy Stoll
3871,Diamond Stone
3872,George Stone
3873,Julyan Stone
3874,Awvee Storey
3875,Damon Stoudamire
3876,Salim Stoudamire
3877,Paul Stovall
3878,Joe Strawder
3879,Bill Stricker
3880,Erick Strickland
3881,Mark Strickland
3882,Rod Strickland
3883,Roger Strickland
3884,John Stroeder
3885,Derek Strong
3886,Lamont Strothers
3887,John Stroud
3888,Red Stroud
3889,Max Strus
3890,Rodney Stuckey
3891,Gene Stump
3892,Stan Stutz
3893,Gary Suiter
3894,Jared Sullinger
3895,DaJuan Summers
3896,Edmond Sumner
3897,Barry Sumpter
3898,Don Sunderlage
3899,Jon Sundvold
3900,Bob Sura
3901,Dick Surhoff
3902,George Sutor
3903,Dane Suttle
3904,Greg Sutton
3905,Keith Swagerty
3906,Bennie Swain
3907,Caleb Swanigan
3908,Norm Swanson
3909,Dan Swartz
3910,Mike Sweetney
3911,Robert Swift
3912,Skeeter Swift
3913,Stromile Swift
3914,Aaron Swinson
3915,Pape Sy
3916,Buck Sydnor
3917,Larry Sykes
3918,Brett Szabo
3919,Wally Szczerbiak
3920,Walt Szczerbiak
3921,Yuta Tabuse
3922,Chris Taft
3923,Sid Tanenbaum
3924,Roy Tarpley
3925,Levern Tart
3926,Earl Tatum
3927,Jayson Tatum
3928,Edy Tavares
3929,Anthony Taylor
3930,Brian Taylor
3931,Donell Taylor
3932,Fatty Taylor
3933,Fred Taylor
3934,Isaiah Taylor
3935,Jay Taylor
3936,Jeff Taylor
3937,Jeffery Taylor
3938,Jermaine Taylor
3939,Johnny Taylor
3940,Leonard Taylor
3941,Maurice Taylor
3942,Mike Taylor
3943,Oliver Taylor
3944,Ronald Taylor
3945,Tyshawn Taylor
3946,Vince Taylor
3947,Terry Teagle
3948,Jeff Teague
3949,Marquis Teague
3950,Sebastian Telfair
3951,Collis Temple
3952,Garrett Temple
3953,Ira Terrell
3954,Jared Terrell
3955,Carlos Terry
3956,Chuck Terry
3957,Claude Terry
3958,Emanuel Terry
3959,Jason Terry
3960,Hasheem Thabeet
3961,Tom Thacker
3962,Floyd Theard
3963,Daniel Theis
3964,Reggie Theus
3965,Peter Thibeaux
3966,Bill Thieben
3967,Justus Thigpen
3968,David Thirdkill
3969,Adonis Thomas
3970,Billy Thomas
3971,Carl Thomas
3972,Charles Thomas
3973,Etan Thomas
3974,Irving Thomas
3975,Isaiah Thomas
3976,Isiah Thomas
3977,Jamel Thomas
3978,James Thomas
3979,Jim Thomas
3980,Joe Thomas
3981,John Thomas
3982,Kenny Thomas
3983,Khyri Thomas
3984,Kurt Thomas
3985,Lance Thomas
3986,Malcolm Thomas
3987,Matt Thomas
3988,Ronald Thomas
3989,Terry Thomas
3990,Tim Thomas
3991,Tyrus Thomas
3992,Willis Thomas
3993,Trey Thompkins
3994,Bernard Thompson
3995,Billy Thompson
3996,Brooks Thompson
3997,Corny Thompson
3998,David Thompson
3999,Dijon Thompson
4000,George Thompson
4001,Hollis Thompson
4002,Jack Thompson
4003,Jason Thompson
4004,John Thompson
4005,Kevin Thompson
4006,Klay Thompson
4007,LaSalle Thompson
4008,Mychal Thompson
4009,Mychel Thompson
4010,Paul Thompson
4011,Stephen Thompson
4012,Tristan Thompson
4013,Skip Thoren
4014,Rod Thorn
4015,Al Thornton
4016,Bob Thornton
4017,Dallas Thornton
4018,Marcus Thornton
4019,Sindarius Thornwell
4020,Otis Thorpe
4021,Sedale Threatt
4022,Nate Thurmond
4023,Mel Thurston
4024,Matisse Thybulle
4025,Hal Tidrick
4026,Dan Tieman
4027,Darren Tillis
4028,Jack Tingle
4029,George Tinsley
4030,Jamaal Tinsley
4031,Wayman Tisdale
4032,Mike Tobey
4033,Mike Todorovich
4034,Ray Tolbert
4035,Tom Tolbert
4036,Anthony Tolliver
4037,Dean Tolson
4038,Rudy Tomjanovich
4039,Andrew Toney
4040,Sedric Toney
4041,Andy Tonkovich
4042,Andy Toolson
4043,Jack Toomay
4044,Bernard Toone
4045,Irv Torgoff
4046,Gene Tormohlen
4047,Bill Tosheff
4048,Bob Tough
4049,Axel Toupane
4050,Monte Towe
4051,Keith Tower
4052,Blackie Towery
4053,Linton Townes
4054,Raymond Townsend
4055,George Trapp
4056,John Trapp
4057,Robert Traylor
4058,Gary Trent
4059,Gary Trent
4060,Jeff Trepagnier
4061,John Tresvant
4062,Allonzo Trier
4063,Dick Triptow
4064,Kelly Tripucka
4065,Ansley Truitt
4066,Jake Tsakalidis
4067,John Tschogl
4068,Lou Tsioropoulos
4069,Nikoloz Tskitishvili
4070,Al Tucker
4071,Alando Tucker
4072,Anthony Tucker
4073,Jim Tucker
4074,Rayjon Tucker
4075,Trent Tucker
4076,Ronny Turiaf
4077,Andre Turner
4078,Bill Turner
4079,Elston Turner
4080,Evan Turner
4081,Gary Turner
4082,Henry Turner
4083,Herschell Turner
4084,Jack Turner
4085,Jack Turner
4086,Jeff Turner
4087,John Turner
4088,Myles Turner
4089,Wayne Turner
4090,Melvin Turpin
4091,Dave Twardzik
4092,Jack Twyman
4093,Jeremy Tyler
4094,Terry Tyler
4095,Charlie Tyra
4096,Edwin Ubiles
4097,Ekpe Udoh
4098,Ime Udoka
4099,Beno Udrih
4100,Tyler Ulis
4101,Wes Unseld
4102,Hal Uplinger
4103,Kelvin Upshaw
4104,Jarrod Uthoff
4105,Ben Uzoh
4106,Stephen Vacendak
4107,Darnell Valentine
4108,Denzel Valentine
4109,Ronnie Valentine
4110,John Vallely
4111,Dick Van Arsdale
4112,Tom Van Arsdale
4113,Nick Van Exel
4114,Keith Van Horn
4115,Norm Van Lier
4116,Dennis Van Zant
4117,Fred VanVleet
4118,Gene Vance
4119,Logan Vander Velden
4120,Jarred Vanderbilt
4121,Ernie Vandeweghe
4122,Kiki Vandeweghe
4123,Nick Vanos
4124,David Vanterpool
4125,Ratko Varda
4126,Jarvis Varnado
4127,Chico Vaughn
4128,David Vaughn
4129,David Vaughn
4130,Jacque Vaughn
4131,Rashad Vaughn
4132,Virgil Vaughn
4133,Loy Vaught
4134,Bob Verga
4135,Pete Verhoeven
4136,Charlie Villanueva
4137,Gabe Vincent
4138,Jay Vincent
4139,Sam Vincent
4140,Marcus Vinicius
4141,Fred Vinson
4142,Claude Virden
4143,Gary Voce
4144,Floyd Volker
4145,Alexander Volkov
4146,Whitey Von Nieda
4147,Noah Vonleh
4148,Jake Voskuhl
4149,Danny Vranes
4150,Brett Vroman
4151,Jackson Vroman
4152,Butch van Breda Kolff
4153,Jan van Breda Kolff
4154,Dean Wade
4155,Dwyane Wade
4156,Mark Wade
4157,Von Wafer
4158,Clint Wager
4159,Dajuan Wagner
4160,Danny Wagner
4161,Milt Wagner
4162,Moritz Wagner
4163,Phillip Wagner
4164,Dion Waiters
4165,Granville Waiters
4166,Andre Wakefield
4167,Neal Walk
4168,Andy Walker
4169,Antoine Walker
4170,Brady Walker
4171,Chet Walker
4172,Darrell Walker
4173,Foots Walker
4174,Henry Walker
4175,Horace Walker
4176,Jimmy Walker
4177,Kemba Walker
4178,Kenny Walker
4179,Lonnie Walker
4180,Phil Walker
4181,Samaki Walker
4182,Wally Walker
4183,John Wall
4184,Ben Wallace
4185,Gerald Wallace
4186,John Wallace
4187,Rasheed Wallace
4188,Red Wallace
4189,Tyrone Wallace
4190,Dwight Waller
4191,Jamie Waller
4192,Jim Walsh
4193,Matt Walsh
4194,Rex Walters
4195,Paul Walther
4196,Isaac Walthour
4197,Bill Walton
4198,Derrick Walton
4199,Lloyd Walton
4200,Luke Walton
4201,Brad Wanamaker
4202,Bobby Wanzer
4203,Perry Warbington
4204,Charlie Ward
4205,Gerry Ward
4206,Henry Ward
4207,Casper Ware
4208,Jim Ware
4209,Ben Warley
4210,Bob Warlick
4211,Cornell Warner
4212,Jameel Warney
4213,Bob Warren
4214,John Warren
4215,Willie Warren
4216,Bryan Warrick
4217,Hakim Warrick
4218,Chris Washburn
4219,Julian Washburn
4220,Bobby Washington
4221,Darius Washington
4222,Donald Washington
4223,Duane Washington
4224,Eric Washington
4225,Jim Washington
4226,Kermit Washington
4227,Pearl Washington
4228,Richard Washington
4229,Stan Washington
4230,Trooper Washington
4231,Wilson Washington
4232,Yuta Watanabe
4233,Tremont Waters
4234,Darryl Watkins
4235,Bobby Watson
4236,Earl Watson
4237,Jamie Watson
4238,Paul Watson
4239,Ron Watts
4240,Samuel Watts
4241,Slick Watts
4242,Maalik Wayns
4243,David Wear
4244,Travis Wear
4245,Clarence Weatherspoon
4246,Nick Weatherspoon
4247,Quinndary Weatherspoon
4248,Kyle Weaver
4249,James Webb
4250,Jeff Webb
4251,Marcus Webb
4252,Spud Webb
4253,Chris Webber
4254,Briante Weber
4255,Jake Weber
4256,Elnardo Webster
4257,Jeff Webster
4258,Martell Webster
4259,Marvin Webster
4260,Scott Wedman
4261,Sonny Weems
4262,Dick Wehr
4263,Brant Weidner
4264,Bob Weiss
4265,Rick Weitzman
4266,Bonzi Wells
4267,Bubba Wells
4268,Owen Wells
4269,Ralph Wells
4270,Chris Welp
4271,Thomas Welsh
4272,Bill Wennington
4273,Matt Wenstrom
4274,Robert Werdann
4275,Ray Wertis
4276,David Wesley
4277,Walt Wesley
4278,David West
4279,Delonte West
4280,Doug West
4281,Jerry West
4282,Mario West
4283,Mark West
4284,Roland West
4285,Dexter Westbrook
4286,Russell Westbrook
4287,Paul Westphal
4288,John Wetzel
4289,Robert Whaley
4290,Ennis Whatley
4291,DeJuan Wheat
4292,Clinton Wheeler
4293,Tyson Wheeler
4294,Skippy Whitaker
4295,Andrew White
4296,Coby White
4297,Derrick White
4298,Eric White
4299,Herb White
4300,Hubie White
4301,Jahidi White
4302,James White
4303,Jo Jo White
4304,Okaro White
4305,Randy White
4306,Rodney White
4307,Rory White
4308,Royce White
4309,Rudy White
4310,Tony White
4311,Willie White
4312,Isaiah Whitehead
4313,Jerome Whitehead
4314,Donald Whiteside
4315,Hassan Whiteside
4316,Dwayne Whitfield
4317,Chris Whitney
4318,Hank Whitney
4319,Hawkeye Whitney
4320,Shayne Whittington
4321,Sidney Wicks
4322,Ron Widby
4323,Murray Wier
4324,Bob Wiesenhahn
4325,Andrew Wiggins
4326,Mitchell Wiggins
4327,Ken Wilburn
4328,Chris Wilcox
4329,Gene Wiley
4330,Jacob Wiley
4331,Michael Wiley
4332,Morlon Wiley
4333,Win Wilfong
4334,Lenny Wilkens
4335,Bob Wilkerson
4336,Jamaal Wilkes
4337,James Wilkes
4338,Damien Wilkins
4339,Dominique Wilkins
4340,Eddie Lee Wilkins
4341,Gerald Wilkins
4342,Jeff Wilkins
4343,Dale Wilkinson
4344,Mike Wilks
4345,Aaron Williams
4346,Al Williams
4347,Alan Williams
4348,Alvin Williams
4349,Art Williams
4350,Bernie Williams
4351,Bob Williams
4352,Brandon Williams
4353,Buck Williams
4354,Charles Williams
4355,Chuck Williams
4356,Chuckie Williams
4357,Cliff Williams
4358,Corey Williams
4359,Deron Williams
4360,Derrick Williams
4361,Duck Williams
4362,Earl Williams
4363,Elliot Williams
4364,Eric Williams
4365,Fly Williams
4366,Frank Williams
4367,Freeman Williams
4368,Gene Williams
4369,Grant Williams
4370,Gus Williams
4371,Guy Williams
4372,Hank Williams
4373,Herb Williams
4374,Hot Rod Williams
4375,Jason Williams
4376,Jawad Williams
4377,Jay Williams
4378,Jayson Williams
4379,Jerome Williams
4380,John Williams
4381,Johnathan Williams
4382,Jordan Williams
4383,Justin Williams
4384,Kenny Williams
4385,Kenrich Williams
4386,Kevin Williams
4387,Lorenzo Williams
4388,Lou Williams
4389,Marcus Williams
4390,Marcus Williams
4391,Marvin Williams
4392,Matt Williams
4393,Micheal Williams
4394,Mike Williams
4395,Milt Williams
4396,Mo Williams
4397,Monty Williams
4398,Nate Williams
4399,Pete Williams
4400,Ray Williams
4401,Reggie Williams
4402,Reggie Williams
4403,Rickey Williams
4404,Rob Williams
4405,Robert Williams
4406,Ron Williams
4407,Sam Williams
4408,Sam Williams
4409,Scott Williams
4410,Sean Williams
4411,Shammond Williams
4412,Shawne Williams
4413,Shelden Williams
4414,Sly Williams
4415,Terrence Williams
4416,Travis Williams
4417,Troy Williams
4418,Walt Williams
4419,Ward Williams
4420,Willie Williams
4421,Corliss Williamson
4422,John Williamson
4423,Zion Williamson
4424,Vann Williford
4425,Kevin Willis
4426,Bill Willoughby
4427,Dedric Willoughby
4428,Bob Wilson
4429,Bobby Wilson
4430,Bobby Wilson
4431,Bubba Wilson
4432,George Wilson
4433,Isaiah Wilson
4434,Jamil Wilson
4435,Jasper Wilson
4436,Jim Wilson
4437,Michael Wilson
4438,Nikita Wilson
4439,Othell Wilson
4440,Rick Wilson
4441,Ricky Wilson
4442,Stephen Wilson
4443,Trevor Wilson
4444,Kyle Wiltjer
4445,Kennard Winchester
4446,Tony Windis
4447,John Windsor
4448,Lee Winfield
4449,David Wingate
4450,Dontonio Wingfield
4451,Harthorne Wingo
4452,Marv Winkler
4453,Justise Winslow
4454,Rickie Winslow
4455,Trevor Winter
4456,Brian Winters
4457,Voise Winters
4458,Skip Wise
4459,Willie Wise
4460,Jeff Withey
4461,Luke Witte
4462,Greg Wittman
4463,Randy Wittman
4464,Garry Witts
4465,Dave Wohl
4466,Joe Wolf
4467,Nate Wolters
4468,Al Wood
4469,Bob Wood
4470,Christian Wood
4471,David Wood
4472,Howard Wood
4473,Leon Wood
4474,Loren Woods
4475,Qyntel Woods
4476,Randy Woods
4477,Tommy Woods
4478,Mike Woodson
4479,Bob Woollard
4480,Orlando Woolridge
4481,Haywoode Workman
4482,Mark Workman
4483,Tom Workman
4484,Metta World Peace
4485,Willie Worsley
4486,Sam Worthen
4487,James Worthy
4488,Antoine Wright
4489,Bracey Wright
4490,Brad Wright
4491,Brandan Wright
4492,Chris Wright
4493,Chris Wright
4494,Delon Wright
4495,Dorell Wright
4496,Howard Wright
4497,Howie Wright
4498,Joby Wright
4499,Julian Wright
4500,Larry Wright
4501,Leroy Wright
4502,Lonnie Wright
4503,Lorenzen Wright
4504,Luther Wright
4505,Sharone Wright
4506,Tony Wroten
4507,Dennis Wuycik
4508,Guerschon Yabusele
4509,Vincent Yarbrough
4510,George Yardley
4511,Barry Yates
4512,Wayne Yates
4513,Charlie Yelverton
4514,Rich Yonakor
4515,Danny Young
4516,James Young
4517,Joe Young
4518,Korleone Young
4519,Michael Young
4520,Nick Young
4521,Perry Young
4522,Sam Young
4523,Thaddeus Young
4524,Tim Young
4525,Trae Young
4526,Sun Yue
4527,Max Zaslofsky
4528,Zeke Zawoluk
4529,Cody Zeller
4530,Dave Zeller
4531,Gary Zeller
4532,Harry Zeller
4533,Luke Zeller
4534,Tyler Zeller
4535,Tony Zeno
4536,Phil Zevenbergen
4537,Wang Zhizhi
4538,Derrick Zimmerman
4539,Stephen Zimmerman
4540,Paul Zipser
4541,Jim Zoet
4542,Bill Zopf
4543,Ivica Zubac
4544,Matt Zunic
